"","1959","1960","1961","1962","1963","1964","1965","1966","1967","1968","1969","1970","1971","1972","1973","1974","1975","1976","1977","1978","1979","1980","1981","1982","1983","1984","1985","1986","1987","1988","1989","1990","1991","1992","1993","1994","1995","1996","1997","1998","1999","2000","2001","2002","2003","2004","2005","2006","2007","2008","2009","2010","2011","2012","2013","2014","2015"
"0",NA,NA,NA,NA,NA,NA,NA,NA,NA,NA,NA,NA,NA,NA,NA,NA,NA,NA,NA,NA,NA,NA,NA,NA,NA,NA,NA,NA,NA,NA,NA,NA,NA,NA,NA,NA,NA,NA,NA,NA,NA,NA,NA,NA,NA,NA,NA,NA,NA,NA,NA,NA,NA,NA,NA,NA,NA
"1",NA,NA,NA,NA,NA,NA,NA,NA,NA,NA,NA,NA,NA,NA,NA,NA,NA,NA,NA,NA,NA,NA,NA,NA,NA,NA,NA,NA,NA,NA,NA,NA,NA,NA,NA,NA,NA,NA,NA,NA,NA,NA,NA,NA,NA,NA,NA,NA,NA,NA,NA,NA,NA,NA,NA,NA,NA
"2",NA,NA,NA,NA,NA,NA,NA,NA,NA,NA,NA,NA,NA,NA,NA,NA,NA,NA,NA,NA,NA,NA,NA,NA,NA,NA,NA,NA,NA,NA,NA,NA,NA,NA,NA,NA,NA,NA,NA,NA,NA,NA,NA,NA,NA,NA,NA,NA,NA,NA,NA,NA,NA,NA,NA,NA,NA
"3",NA,NA,NA,NA,NA,NA,NA,NA,NA,NA,NA,NA,NA,NA,NA,NA,NA,NA,NA,NA,NA,NA,NA,NA,NA,NA,NA,NA,NA,NA,NA,NA,NA,NA,NA,NA,NA,NA,NA,NA,NA,NA,NA,NA,NA,NA,NA,NA,NA,NA,NA,NA,NA,NA,NA,NA,NA
"4",NA,NA,NA,NA,NA,NA,NA,NA,NA,NA,NA,NA,NA,NA,NA,NA,NA,NA,NA,NA,NA,NA,NA,NA,NA,NA,NA,NA,NA,NA,NA,NA,NA,NA,NA,NA,NA,NA,NA,NA,NA,NA,NA,NA,NA,NA,NA,NA,NA,NA,NA,NA,NA,NA,NA,NA,NA
"5",NA,NA,NA,NA,NA,NA,NA,NA,NA,NA,NA,NA,NA,NA,NA,NA,NA,NA,NA,NA,NA,NA,NA,NA,NA,NA,NA,NA,NA,NA,NA,NA,NA,NA,NA,NA,NA,NA,NA,NA,NA,NA,NA,NA,NA,NA,NA,NA,NA,NA,NA,NA,NA,NA,NA,NA,NA
"6",NA,NA,NA,NA,NA,NA,NA,NA,NA,NA,NA,NA,NA,NA,NA,NA,NA,NA,NA,NA,NA,NA,NA,NA,NA,NA,NA,NA,NA,NA,NA,NA,NA,NA,NA,NA,NA,NA,NA,NA,NA,NA,NA,NA,NA,NA,NA,NA,NA,NA,NA,NA,NA,NA,NA,NA,NA
"7",NA,NA,NA,NA,NA,NA,NA,NA,NA,NA,NA,NA,NA,NA,NA,NA,NA,NA,NA,NA,NA,NA,NA,NA,NA,NA,NA,NA,NA,NA,NA,NA,NA,NA,NA,NA,NA,NA,NA,NA,NA,NA,NA,NA,NA,NA,NA,NA,NA,NA,NA,NA,NA,NA,NA,NA,NA
"8",NA,NA,NA,NA,NA,NA,NA,NA,NA,NA,NA,NA,NA,NA,NA,NA,NA,NA,NA,NA,NA,NA,NA,NA,NA,NA,NA,NA,NA,NA,NA,NA,NA,NA,NA,NA,NA,NA,NA,NA,NA,NA,NA,NA,NA,NA,NA,NA,NA,NA,NA,NA,NA,NA,NA,NA,NA
"9",NA,NA,NA,NA,NA,NA,NA,NA,NA,NA,NA,NA,NA,NA,NA,NA,NA,NA,NA,NA,NA,NA,NA,NA,NA,NA,NA,NA,NA,NA,NA,NA,NA,NA,NA,NA,NA,NA,NA,NA,NA,NA,NA,NA,NA,NA,NA,NA,NA,NA,NA,NA,NA,NA,NA,NA,NA
"10",0.000212597748921183,0.00015618375781633,0.000140784228738889,0.000141673564274759,0.000144815835597799,0.000136961204425853,0.000115141347890157,8.91417977790813e-05,6.62212620665734e-05,4.91846010088385e-05,3.80540180634767e-05,3.13930054461396e-05,2.70884091953849e-05,2.38341843872436e-05,2.08464080031059e-05,1.76695005744988e-05,1.43276813003644e-05,1.15690800385645e-05,9.81933737912796e-06,9.24730506401854e-06,1.01996915355433e-05,1.37153928331798e-05,2.10259835297927e-05,3.27044139953151e-05,4.59216480332284e-05,5.17903278582983e-05,4.2085294918435e-05,2.5044270734774e-05,1.22226309731921e-05,5.49273457150417e-06,2.55193400069791e-06,1.37329733466659e-06,8.83832395906674e-07,6.32345028199608e-07,4.64280215734528e-07,3.22932048772878e-07,1.96494005542552e-07,1.0249345734948e-07,5.10722394931443e-08,2.75513083387809e-08,1.82345379992788e-08,1.67791142750856e-08,2.3114375605474e-08,4.22890458479266e-08,8.70734353062368e-08,1.70975951965862e-07,2.71303519323582e-07,3.0319334284236e-07,2.5182569423447e-07,1.77678784754205e-07,1.21753250022053e-07,9.2638027398922e-08,8.84909355720106e-08,1.03667146003845e-07,1.31222360207487e-07,1.57778645937957e-07,1.5842058484184e-07
"11",0.000257969431712568,0.000198423668683915,0.000182465504631101,0.000184556730821148,0.000188903747099701,0.000180200572594665,0.000154893205852846,0.000124258165742418,9.68629666177863e-05,7.63932068186413e-05,6.34617646589514e-05,5.67183941809327e-05,5.32086862428595e-05,5.07762058473089e-05,4.77671499298576e-05,4.29301157950915e-05,3.61882249715326e-05,2.96731962006073e-05,2.4903404874909e-05,2.25089921799664e-05,2.30548264004704e-05,2.78337435540061e-05,3.7716210878968e-05,5.24386495855873e-05,6.83701653093981e-05,7.64008384938462e-05,6.73019490331553e-05,4.73357682871828e-05,2.90165387095156e-05,1.69555973060798e-05,1.03302021638889e-05,7.16381961806147e-06,5.75303904973777e-06,4.9708013067441e-06,4.26770977359369e-06,3.36252663004757e-06,2.24615454572712e-06,1.2462996578535e-06,6.39021845823921e-07,3.42476729634974e-07,2.1701028006393e-07,1.8389717251839e-07,2.24813715948414e-07,3.57345201762561e-07,6.37910912204866e-07,1.10465982588319e-06,1.60281378040046e-06,1.72521944138114e-06,1.44333988673179e-06,1.05492621269526e-06,7.57307784196408e-07,6.003261913738e-07,5.85043746614413e-07,6.85998595390858e-07,8.64801652695073e-07,1.04535148066629e-06,1.08057484601027e-06
"12",0.000318804538561937,0.000254844586940814,0.000236663392947556,0.00023844560966309,0.000243415349339694,0.000235326624574609,0.000209630828002896,0.000177208732269346,0.000147034302796515,0.000123854983971771,0.000109547630138474,0.00010347055680028,0.000101947508057482,0.00010175019371169,9.98953904836192e-05,9.3682829550756e-05,8.24140077015831e-05,7.00261549121698e-05,5.9918376012219e-05,5.38297821252521e-05,5.2938346327648e-05,5.89086288197156e-05,7.17699371052091e-05,8.98467421108697e-05,0.00010844953314856,0.000118437189160942,0.000110309230561464,8.84430297526237e-05,6.49858926093584e-05,4.66510431827171e-05,3.4879760833616e-05,2.89135883638496e-05,2.67528239762486e-05,2.58899559081651e-05,2.44393013866978e-05,2.09866837538633e-05,1.5293938263401e-05,9.29150307142961e-06,5.17003186932663e-06,2.93722006265985e-06,1.89937706326987e-06,1.55852095954484e-06,1.7375628478879e-06,2.41949897195008e-06,3.73087248800595e-06,5.64856868743655e-06,7.44479023166076e-06,7.72823407337834e-06,6.56173763302215e-06,5.01234590338919e-06,3.78968078288738e-06,3.12003518129265e-06,3.05278951939066e-06,3.48696922531706e-06,4.23976068656724e-06,4.99603965443078e-06,5.19458721013859e-06
"13",0.000398190734750871,0.00032883912024301,0.000306554168592153,0.000306261930978244,0.000311294515328694,0.000305805449332459,0.000284160191853896,0.000254982008592936,0.000226286675220295,0.000203416617167814,0.000189691960825703,0.000185629853390594,0.000187217443510245,0.000190293445032214,0.000190616201838123,0.000184006725097457,0.000168762010021431,0.000150074620069157,0.000133264580199933,0.000121697178907411,0.000117703113500471,0.000123471487428219,0.000137772527060376,0.00015719617776715,0.000176288546692149,0.000186779116180505,0.000180220647371308,0.000159361484611636,0.000134373612735389,0.00011251934081107,9.74436801252933e-05,9.07968372353686e-05,9.10118342375156e-05,9.32287279811349e-05,9.24013508617233e-05,8.38948838714308e-05,6.60798894144052e-05,4.45492977938774e-05,2.77178816871435e-05,1.73609076755113e-05,1.19405308265077e-05,9.83692086354938e-06,1.02610535246482e-05,1.27203184051749e-05,1.71013138383382e-05,2.27529990511801e-05,2.73386905169052e-05,2.74892394843274e-05,2.37971592770796e-05,1.90608503795622e-05,1.51828947047021e-05,1.2927139381045e-05,1.2569298391449e-05,1.37730613409844e-05,1.58696759500588e-05,1.79192402226544e-05,1.84791037605258e-05
"14",0.000498806328926801,0.00042366195228432,0.000395741385209621,0.000391982625194541,0.000396957807716045,0.000396443760787967,0.000384078693730724,0.000365044495893455,0.000344951102446052,0.00032843890679644,0.00031931979299795,0.000318972601631121,0.000323796535415895,0.000329552442627655,0.000331781860423566,0.000325985852180462,0.000309874448923307,0.000288287502717814,0.000266963245403662,0.000250262239985931,0.000241540503326605,0.000243372481809442,0.000253717839846242,0.000268382101025486,0.000282474548638332,0.000290087190949331,0.000285448155154962,0.000270147610129315,0.000251049387442228,0.000233993783921165,0.00022342901179834,0.000223092469712205,0.000231949290111713,0.000242193608030257,0.000244444286707375,0.000229525415151227,0.00019300584673249,0.000144092495473855,0.000100915701853608,7.06403492579193e-05,5.26567277189668e-05,4.45340305503715e-05,4.45178037044525e-05,5.03226162279335e-05,6.03128592599202e-05,7.18626650013341e-05,7.98128622652846e-05,7.83117640265445e-05,6.92407423422631e-05,5.80197221049391e-05,4.84631528344158e-05,4.24436423051574e-05,4.08241877965793e-05,4.2764658024665e-05,4.65460008241688e-05,5.01792580945116e-05,5.10769748495596e-05
"15",0.000621852166220751,0.00054156002087931,0.000507991098213972,0.000500943409412181,0.000506894163615538,0.000513829008351906,0.00051523137566531,0.000512819210434205,0.000509014875472323,0.0005062053989382,0.000506728264957931,0.000511573281292584,0.000518448439021362,0.000524481864805003,0.000526677496629213,0.000522048227244587,0.000508914681037374,0.000490202279564921,0.000469766882775048,0.0004509692469615,0.000436666275968219,0.0004289791712005,0.000426797098964636,0.00042774129162441,0.000429519431701379,0.000429827141424396,0.000426557685511378,0.000420605327722224,0.00041508629884317,0.00041303135455941,0.00041746781862928,0.000431639831970156,0.000453720654411104,0.000473730840082653,0.00047948029748493,0.000459119563026521,0.000405940807948262,0.000329894415729194,0.000255923565037471,0.000197937046433975,0.000159398351494517,0.000139585046249902,0.000136720305319379,0.00014542560941608,0.000160880502572111,0.000177280711510321,0.000186361419060723,0.000180284774781258,0.000162623067078351,0.000141461752332219,0.000122736306676274,0.000109856950629339,0.000104637751554267,0.000105629032055027,0.000109790843541381,0.000114094411965853,0.000115108015810874
"16",0.000764639006336559,0.000681147275390407,0.000643848319173684,0.000635526947917658,0.000644676932003856,0.000661471509687079,0.000679635801324674,0.000698005416097052,0.000715734835444587,0.000731896576017882,0.000745495931660851,0.000755719498805362,0.000762297217862635,0.000765085518988753,0.000763996120665702,0.000758999399805092,0.000750181668447573,0.000737916449292247,0.000722670614427155,0.000704924801442874,0.000685158591394694,0.00066397275828642,0.000642924856548016,0.000623839503949608,0.000608333609973028,0.000597889073083471,0.000593893962360698,0.000596742789253538,0.000606176756347416,0.000622117377219129,0.000644664064789549,0.000673974231234511,0.000706206855705615,0.000731262908364387,0.000737441937005306,0.000713763735641573,0.000653495995040482,0.000564929554409409,0.000473083080442344,0.000395147532817514,0.000338958753882689,0.000307458930827599,0.000300537898730132,0.000310298532653133,0.000328638888921459,0.00034674272116623,0.000353944634012986,0.000341121953572733,0.000313155864806128,0.000280114235539236,0.000249747288468421,0.00022705160311702,0.000214959884148223,0.000211790623051907,0.000213703631205079,0.000217256231452598,0.000218920812028101
"17",0.000917907723382491,0.000834241542427568,0.000796281201791967,0.000789542658469201,0.000804399597826066,0.000832971930819242,0.000869359376666583,0.00091001087135868,0.000950944485429457,0.000987434227578296,0.00101412582200117,0.00102762836914475,0.00103022716876025,0.00102543137461853,0.00101690623849677,0.00100827720601959,0.00100199995972113,0.000996012688611827,0.000987140788094339,0.000972339717160842,0.000948831951342081,0.000915059789082018,0.000875439202566628,0.000836335450709784,0.000803121638795082,0.000780363169723852,0.000772019680608942,0.000777940317966111,0.000795157562304809,0.000820918634365059,0.000852389404731754,0.000886336868475091,0.000917455316192285,0.000937692474896664,0.000938485556045943,0.000912197039573225,0.000854013984415124,0.000770046807617101,0.000680557458998977,0.00060135128630808,0.000541910672481711,0.000508023031286591,0.000501746199036868,0.000514466773528992,0.00053619507696846,0.000556160657298263,0.000562094525981948,0.000543869301483776,0.000506981019105228,0.000462776911064286,0.000420455245574149,0.000386474867581289,0.000364939034166722,0.000354687905337867,0.000352146250044476,0.000354395129101543,0.000358738318769063
"18",0.00106475712025151,0.000984576488303459,0.000949483453133949,0.000947193025540422,0.000969564826901341,0.00101014330598178,0.00106326496919652,0.0011234859976548,0.00118415730910745,0.00123712803302093,0.00127302197928194,0.00128616489345584,0.00128146513838633,0.0012660721527773,0.00124722197264544,0.00123184142959219,0.00122455832104696,0.00122160446091711,0.00121712628038463,0.00120537445658903,0.00118091071371597,0.00114018687512335,0.00108900147997895,0.001036375134524,0.000989902390044585,0.000955884515731209,0.000939550595189901,0.000940297810338187,0.000953600506532779,0.000975193275131236,0.00100070364020584,0.0010253674253752,0.00104407480937673,0.00105158666506558,0.00104281533450542,0.00101345896198528,0.000960819321471673,0.000889394596006418,0.000814133078928086,0.000747563789192274,0.000698484605885994,0.000673635427617691,0.000676471916993867,0.000698736580078942,0.000729693234501898,0.000757276653161528,0.000767680485334905,0.000749341886054216,0.000707863527623082,0.000655698478831973,0.000603490898785844,0.0005592113506461,0.000528272615280629,0.000510681696193947,0.000503963515291089,0.000506401051064614,0.000516805211659492
"19",0.0011812632994172,0.00110806303347384,0.00107852194436372,0.00108205063192694,0.00111154633424166,0.00116138366608918,0.00122594971629407,0.00129856010708773,0.00137083366312995,0.00143245707917679,0.00147162969772557,0.0014815105607452,0.00146899716938117,0.00144378880896323,0.00141549843749148,0.00139313959008364,0.00138271438461417,0.00137970631735723,0.00137704192359139,0.0013677414769934,0.00134507724180025,0.00130428398367393,0.00125076967720319,0.00119370005797496,0.00114094827671167,0.00109908113047558,0.00107341664998881,0.00106330527616708,0.00106415637222595,0.00107168811626149,0.00108169421743023,0.00108987534928013,0.00109233565177516,0.00108587596320162,0.00106759034561645,0.00103510602470574,0.000986929265593592,0.000926568250865626,0.000865430508422558,0.000813455077332507,0.00077833170754308,0.00076684717847259,0.00078317443776739,0.000819573535627584,0.000864961436738132,0.000906117702410677,0.000927366043401596,0.000915023799229099,0.000874395662746452,0.000819008285221284,0.000761016942518558,0.000709981643408866,0.000672746986902725,0.000650678569850474,0.000642598138491181,0.000648151487227778,0.000667857121357605
"20",0.00124084388525354,0.00117701538553193,0.00115339791999335,0.00116104213255045,0.00119379113882478,0.00124668447048876,0.00131432492414917,0.00138963855976173,0.00146376367791119,0.00152590379012301,0.00156384074109873,0.00157073286384483,0.00155424317258729,0.00152488484247144,0.00149297033594263,0.00146810112921356,0.00145668806135807,0.00145413702131603,0.00145319989216786,0.00144670407641035,0.00142764899437654,0.00139080153318999,0.00134058056930991,0.00128518487309642,0.00123183063613811,0.00118663428869503,0.00115453028349285,0.00113514033815979,0.0011246031829057,0.00111934851684923,0.00111598501074709,0.00111120143808565,0.00110210147528049,0.00108636552824801,0.00106193752086928,0.0010271492292291,0.000980914717362325,0.000926246533078279,0.000872930736478704,0.000829656905393484,0.000803508632133715,0.000801241672969701,0.000827450271000275,0.00087485877016841,0.000932364290637574,0.00098609534609082,0.00101899427192553,0.00101550339802118,0.000980176242009714,0.000926900704992939,0.000868704422083653,0.00081625181482927,0.000777521968899292,0.000755060489806458,0.000748851751091805,0.000759773512183093,0.000789906722687258
"21",0.00123209619014875,0.0011779682676619,0.00115856617666348,0.00116669239451857,0.00119726461030913,0.00124614044557451,0.00130853454925431,0.00137782450275628,0.00144582520224437,0.00150270427873558,0.00153742691627899,0.00154391219547266,0.00152931672022001,0.00150333858000591,0.00147549758065538,0.00145472311300003,0.00144702400025893,0.00144801682083384,0.00145075039607275,0.00144827736684466,0.00143373696069088,0.00140185712532063,0.00135646408839604,0.00130507778352756,0.00125443392584347,0.00121032563593074,0.00117746532141882,0.00115569597145085,0.00114165031661292,0.00113220887567542,0.0011244337802895,0.00111549279156783,0.00110281760432627,0.00108419921319617,0.00105767700097778,0.00102165839727066,0.000975091959353753,0.000920906148298255,0.000868645980394687,0.000826794927029734,0.000802324846678336,0.000801991972520084,0.000830552324304183,0.000881103487758713,0.000942926963604485,0.0010024175643377,0.00104247830444732,0.00104696552413537,0.00101939605815887,0.00097284099536468,0.000919988456674124,0.000871601062453999,0.000836074319644533,0.000816769491037812,0.000814632928009962,0.000831537818931919,0.00087078192330342
"22",0.00116723259049368,0.00112108338978999,0.00110396790797702,0.00111008944541271,0.00113523943338861,0.00117593891410532,0.0012281310609703,0.00128621998554301,0.00134343910319976,0.00139179258600206,0.0014223637005639,0.0014302581412693,0.00142134494686321,0.00140353571524818,0.00138466268423308,0.00137220397750788,0.00137124204609216,0.00137777350956388,0.00138543651543315,0.00138776952290673,0.0013783096677745,0.00135202597094536,0.0013124803792604,0.00126680453291002,0.00122146552165743,0.00118209789270141,0.00115335138456219,0.00113517845826368,0.00112438723220958,0.00111798929516229,0.00111314072355607,0.00110706653333588,0.00109704022565392,0.0010804434626533,0.001054914179463,0.00101852743125143,0.000970024961525682,0.000912545307193902,0.000856361692149337,0.000810475228134525,0.000782078641789103,0.00077792496641304,0.000802704147739702,0.000849773081281892,0.000909056421587495,0.00096789858966738,0.00101025443423529,0.00102056478972647,0.00100131037861916,0.000963986201620976,0.000920051884844025,0.000879546211596206,0.000850620009299657,0.000837003665500094,0.000840268187504866,0.000862906860611949,0.000908912348414498
"23",0.00106561653823882,0.00102478841006908,0.00100865792054275,0.00101214702063081,0.00103144684853062,0.00106332128630446,0.00110427846099654,0.00114997590628855,0.00119531039845632,0.00123435545238655,0.00126054024025895,0.00127026716221065,0.00126793966864775,0.00125947302024095,0.00125079895429049,0.00124771705607016,0.00125419940805408,0.00126669161698735,0.00127955429203004,0.00128694427830804,0.00128293206572476,0.00126286191245999,0.00123013181338486,0.00119155426289976,0.00115337785439336,0.0011211254752403,0.00109944726968462,0.00108837035789866,0.0010847544031685,0.00108560726474419,0.00108801491526054,0.00108905402689349,0.00108555730115284,0.00107413377128573,0.00105165123311288,0.00101554295928105,0.000964170597477807,0.000901103229759112,0.000838015235310305,0.000784911085750428,0.000749401689302111,0.00073819141903104,0.000755702520783059,0.00079542339309722,0.000848000471806522,0.000902046053841137,0.000943150168558144,0.000957056371890415,0.000945369361521067,0.000917740362897391,0.00088399310944274,0.000852992271662851,0.000832217700776873,0.000825402861397741,0.000834415868167795,0.000862009533551325,0.000912388663696733
"24",0.000946936139769929,0.000908785812350257,0.000893184418611302,0.000894960876975056,0.000910111987110347,0.000935106071305333,0.000966683141277165,0.00100169891528013,0.00103659014707765,0.00106728593701424,0.00108930197793431,0.00110022567234062,0.00110323542095654,0.00110256658940564,0.00110252624323538,0.0011074338341446,0.00112025789603695,0.00113790419790341,0.00115547492683592,0.00116778305580447,0.00116947328881676,0.00115628025559426,0.00113133172207176,0.00110097543296357,0.00107112293948547,0.00104710024450937,0.00103351062155566,0.00103049719597264,0.00103505481892877,0.00104425360903302,0.00105515471246348,0.00106470586248332,0.00106922443074061,0.00106434293823846,0.00104591752462302,0.0010105227824085,0.000956024724272805,0.000886556591989398,0.000815559665250626,0.000754286023226873,0.000710831291121886,0.000691777236870312,0.000701126739264588,0.000732394966909511,0.00077690144463776,0.000824539495876944,0.000862651046918755,0.000878526233200357,0.000873094825931292,0.000854257237567631,0.000830193030876246,0.00080849112212907,0.00079579479742496,0.000795638891858532,0.000809980720504458,0.000841605606598223,0.000894642054699886
"25",0.000827250036864244,0.000789642921664579,0.000774774295614915,0.000776598967891097,0.000790354999114021,0.000811689967516855,0.000837177505496565,0.00086464886232086,0.000891773167886284,0.000915923035389812,0.00093422916318674,0.000945246358652604,0.000951342165071601,0.00095560940498378,0.0009612311103166,0.000971473037119256,0.000988591561799908,0.00100995016982203,0.00103135709709589,0.00104827060684748,0.00105589844987109,0.00105031107020643,0.00103413275915955,0.00101296018651283,0.000992128022557369,0.000976571058337644,0.000970688075830304,0.000974793966801083,0.000986220916919713,0.00100229774760017,0.00102026596045991,0.00103716351463973,0.00104893125148388,0.00105021912054327,0.0010358129435271,0.00100135178845653,0.000944158158218313,0.000868927305386435,0.000790852772607274,0.000722395542715869,0.000672071394092795,0.000646264655606485,0.000648495029859639,0.000672263222609621,0.000709461502055871,0.000751095951202878,0.000786066773896678,0.000803102619169365,0.000802633554458473,0.000791095498862395,0.000775256301160126,0.000761563186906522,0.000755859389533186,0.000761447924795499,0.000780326027536744,0.000815266999542793,0.000870287433973042
"26",0.000714355992903399,0.000675563870479264,0.00066173479840188,0.000665275953363492,0.000680227886825671,0.000700974954284011,0.000723529168616632,0.000746439103764541,0.000768300387602593,0.00078755263353533,0.000802519134566956,0.000812524330256738,0.000819499644919189,0.000825879477241431,0.000834188464246499,0.000847062349581437,0.000866360632724569,0.000889915629814658,0.000914213512324645,0.000935356125461598,0.000949114898947464,0.000951854133868798,0.000945462590100989,0.000934478206525212,0.000923377840133303,0.000916452001883707,0.000917660684663089,0.000927495470854262,0.000943815759041176,0.000964410715942692,0.000986937899410756,0.00100880932168912,0.00102584447854036,0.00103187426057012,0.0010207411004987,0.000987230914774252,0.000928157461618165,0.000848656572696048,0.000765329394658714,0.000691574792976309,0.000636169016667448,0.000605224787421947,0.00060176984677286,0.000619333221864897,0.000650336917561296,0.000686771644601024,0.000718929092202282,0.000736861884126672,0.000740597615402095,0.000735301817697204,0.000726499628689152,0.000719599568887296,0.00071967923941223,0.000729906864561891,0.000752494569641084,0.000790415979418797,0.000847878148190886
"27",0.000608424076093269,0.000567005529213151,0.000554185936276146,0.000560312030290852,0.000578002305953202,0.000600094966385792,0.000621710580688803,0.000641900300402786,0.000659978493620953,0.000675222197908521,0.000686897044871242,0.000694981397837353,0.000701202332827062,0.000707631759349653,0.000716424162397592,0.000729856078528579,0.000749601753151146,0.000773985310605406,0.000800179574848346,0.000824970992181024,0.000844753933855142,0.000856229514907122,0.000860443983926385,0.000860670507914813,0.000860296295868943,0.000862722050385959,0.000871218133338864,0.000886377766538648,0.000906665158804971,0.000930427066300454,0.000955864405407373,0.000980932513502192,0.00100153715247774,0.00101091471074142,0.00100218662032311,0.000969474589885654,0.000909202841609239,0.000826810711229349,0.000739837311386304,0.00066227041584817,0.000602958795043747,0.000567645524636347,0.00055882745052223,0.000570178871185398,0.000594740587222806,0.000625571992765184,0.000654501237041067,0.000673108480654234,0.000681026646357389,0.000682035833290569,0.000680270371960872,0.000679914694149908,0.000685077979926296,0.000698961837864191,0.000724463267081824,0.000765314476152192,0.000826676025208981
"28",0.000509615869714614,0.000464786137352358,0.000452778244965391,0.000461603192310864,0.000482538117614876,0.000506847993639966,0.000528543650084612,0.000546979111683015,0.000562031481253984,0.000573672229910343,0.000581961957235472,0.000587460343519136,0.000591817146703471,0.000596901812375604,0.00060465263682719,0.000617131961926894,0.000635942448343921,0.000659910342734094,0.000686911435990031,0.000714474267833286,0.000739713957742788,0.00075979017933951,0.000774950694873448,0.000787139270935281,0.00079850448429852,0.000811339404226651,0.000827963169884393,0.000848914833774132,0.000873230079023334,0.000899809629692024,0.000927418802292459,0.00095460604125992,0.000977502192998302,0.000988998074033568,0.000981774203826128,0.000949555984360203,0.000888572355594907,0.000804436088071702,0.000715083449898952,0.000634708488776269,0.000572045074344197,0.000532366243968833,0.000517590828981063,0.000521725542557418,0.00053861089291422,0.000562579255021149,0.000587307957342568,0.000606294123356978,0.000618758067910314,0.000626830397224395,0.000632919930510529,0.000639580087687666,0.000649518488846636,0.000666150368316249,0.000693752403578433,0.000737667099409391,0.000805215678630872
"29",0.000418557763581593,0.000370445066842681,0.00035906237086138,0.000370088871697512,0.00039386247129072,0.000420349803805902,0.000442385122315981,0.000459425661607184,0.000471773645567832,0.000479992456512527,0.000484838009619798,0.000487388887119228,0.000489269782828142,0.000492214013103316,0.000498002310622827,0.000508533473460985,0.000525370443746703,0.000547821183325383,0.000574459876437173,0.00060359949841653,0.000633179620310834,0.000660993511430113,0.00068669166404829,0.000710999221563823,0.000734803463543547,0.000759136603945772,0.000785111692479223,0.000812975998205466,0.000842185721557579,0.000872087151128588,0.000901927766885268,0.00093078859126719,0.000955097376554904,0.000967657978260337,0.000961027775320557,0.000928863774450627,0.000867457839323291,0.000782481516927366,0.000691683574100337,0.000609069230148557,0.000543087541663883,0.000498465554671034,0.000476535150825818,0.000471910708531379,0.000479468261723567,0.000495022655184205,0.000514381692289196,0.000533330459084599,0.000550694572107635,0.000566748898481896,0.00058183793119515,0.000596363162829743,0.00061099957457463,0.000629503119277465,0.000658350501474436,0.000705545570460427,0.000782182134466224
"30",0.000336100107653205,0.000285796706384505,0.000274982098323214,0.00028729600738549,0.000312789422985934,0.000340684917283601,0.000362753353839532,0.000378363679762637,0.000388110813760976,0.000393060289113476,0.000394574114812635,0.000394173653559663,0.000393454959776341,0.000394016953701075,0.000397476329505509,0.000405553480636296,0.000419741883200738,0.000439772419083949,0.000464872338761263,0.000494137689324351,0.000526404188887067,0.000560285067884563,0.0005951706463528,0.000630870074464311,0.000667159530959243,0.000703778805298771,0.000740430249874692,0.000776763821710383,0.000812379198740142,0.000846840222624911,0.000879680467401809,0.000910341569053382,0.000935554146112577,0.00094829749345504,0.000941351427332505,0.000908679776812252,0.000846949266566355,0.000761795291652168,0.000670169105015441,0.000585492572769573,0.000515792335050224,0.000465233000321123,0.000434655013129002,0.000419676171986382,0.000416458064473119,0.000422384033321944,0.000435426511608462,0.000453783458125846,0.000475987864438787,0.000500522555474229,0.000525532650905377,0.000548771761586889,0.000568105237428321,0.000587627583555172,0.000616830662439246,0.000667490126221872,0.000756420968732683
"31",0.000262301248979112,0.000212289497371349,0.000202354100965905,0.000214882181465534,0.000240460215259389,0.000268356622526783,0.000289640228197928,0.0003034708999902,0.000310640102923812,0.000312644632038099,0.00031136326447098,0.000308642469565898,0.000305939244740723,0.000304612300498089,0.000306008840902492,0.00031155616683344,0.000322558463645427,0.000339112673527542,0.000361071309860114,0.000388333818748946,0.000420756279829454,0.000458067062222473,0.000499847069945168,0.000545414716357577,0.000593704507593176,0.000643190782282871,0.000691910454489079,0.000738515971694594,0.000782402344293633,0.000823065020686587,0.000860092969701701,0.000893107891941658,0.000919127986047774,0.000931513010529472,0.000923553609112118,0.000889846140685034,0.000827714118718545,0.000742704167874506,0.00065049192531936,0.000563628124454013,0.000489668587449709,0.000432319491465609,0.000392189835555983,0.000366302944643379,0.000352184118011473,0.000348511512120091,0.000354907531646989,0.00037153108917472,0.000396872657958028,0.000428287824276249,0.000462271867113192,0.000494066088288642,0.00051838976118636,0.000539264100297733,0.000569090896248024,0.000623558597813185,0.000726053930322732
"32",0.000196449807181599,0.000150715748061798,0.000142388769637219,0.00015414949237279,0.000177949551771945,0.000203972687639039,0.000223218514902207,0.000234673275355846,0.000239310107171721,0.000239007316103521,0.000236048193073717,0.000232413475044915,0.000229168704711023,0.000227203300678858,0.000227389926639919,0.000230651883084078,0.000237900613014152,0.000249578892467526,0.000266177254063799,0.000288444246645759,0.000317437135954455,0.000354442081770618,0.000399811004214703,0.000452942724769084,0.000512347289757112,0.000575270014143162,0.000637571998672091,0.000696272114676809,0.000750183047249574,0.000798499125337798,0.000840777495809863,0.000876864233111752,0.000904130884722777,0.000916334453666022,0.000907324880239605,0.000872408818954347,0.000809654794023328,0.000724560134362699,0.00063149829135306,0.00054217934340143,0.000463806295858313,0.000399855464996426,0.000351024060155841,0.000315797780143528,0.000292740227381929,0.000281138090594154,0.000281244303622245,0.000294102019930983,0.000318394638406569,0.000351482635187798,0.000389691900001493,0.000427392846080988,0.0004575236861209,0.00048305436325296,0.00051686791481823,0.000576132638069294,0.000687674511985052
"33",0.000139292857644936,0.000101496944256524,9.53425636160175e-05,0.000105584537850212,0.000126055953715458,0.000148496694839443,0.000164534181545075,0.000173133113823363,0.000175462456001665,0.000173685566591552,0.000170297940267338,0.00016718268327407,0.000164806455997006,0.000163426816983021,0.000163306599774836,0.000164732998236717,0.000168107112108159,0.000174203919437221,0.000184085725874131,0.000199203366390486,0.000221672392290847,0.000254407530860461,0.000299045897703797,0.000355913230985595,0.000423981598573483,0.000499740638145349,0.000576444873701555,0.000648611087127918,0.000713916335992231,0.000770971828205084,0.000819312929644054,0.000859274603874519,0.000888732861802113,0.000901655819012106,0.000892239028867252,0.00085631412233916,0.00079258795001607,0.000706651516870196,0.000612018123230147,0.000519909460858156,0.000437420267525692,0.000368028219533192,0.000312680291615103,0.000270937863250647,0.000241836480802278,0.0002245897654695,0.000219183197188511,0.000226465527207912,0.000245286742742869,0.000273767538888459,0.000309509553595711,0.000348416510307664,0.000384552444221875,0.000419226069304803,0.000462140193111955,0.000527564776665674,0.000638701986188318
"34",9.2244086435014e-05,6.43453079676637e-05,6.04555945636197e-05,6.87417725433201e-05,8.49949116826009e-05,0.000102785393224759,0.000114938980831358,0.000120586175309828,0.000121072332897836,0.000118667689078109,0.000115817555998751,0.000114112307608265,0.00011339940029557,0.000113313148819582,0.000113504280765662,0.000113625984379506,0.000113611539353559,0.000114586291458276,0.000118057351252415,0.000125831183788025,0.000140508672279297,0.000166018081030363,0.00020536670535057,0.000260665937093473,0.000332700200840492,0.000418476725946164,0.000508828152383936,0.000594859000976669,0.000672275961210506,0.000738656408154983,0.000793541059940722,0.000838195073936449,0.00087122867047024,0.000886441664432883,0.000877899091135293,0.000841513263461325,0.000776344655675185,0.000688334806405235,0.000591026956180595,0.000495795192146232,0.000409930152812598,0.000337019491524665,0.00027811304761256,0.000233062121891097,0.000200770830371172,0.000179971079525176,0.00016993100110448,0.000170668098334683,0.000181096754854277,0.000200273654821646,0.000227697422868319,0.000262530546962896,0.000303066320686946,0.000349881462678967,0.000406797357126324,0.000479769389585376,0.000578105981234269
"35",5.62839432600764e-05,3.81111600058927e-05,3.61253101698154e-05,4.23490799576843e-05,5.42413594196253e-05,6.7142145690226e-05,7.54031074562116e-05,7.84588051301369e-05,7.77421006601596e-05,7.53939863984113e-05,7.3548158528376e-05,7.34119258409801e-05,7.44009034033179e-05,7.56983775939246e-05,7.64489804800887e-05,7.57728428245412e-05,7.33066408783547e-05,7.0577879892664e-05,6.93972512507186e-05,7.15182925956927e-05,7.92767890582975e-05,9.65376961084221e-05,0.00012713860323605,0.0001752750833423,0.000244803697079428,0.00033524600336036,0.000436318274347224,0.000535185442468822,0.000624515945112306,0.000700165971452979,0.000761651981380165,0.000811733166333818,0.00085006068201046,0.000869726570816356,0.00086393310179095,0.000827962092373154,0.000760768896379051,0.000669035542600657,0.000567662888534592,0.000469053523641392,0.000380969850659438,0.000307001738665962,0.000247818416331684,0.000202518202077229,0.000169367639507778,0.000146531445706647,0.000132575539916708,0.000126645176258287,0.000127880114128696,0.000136167788195029,0.00015253361567578,0.000179324392720188,0.000220497404736217,0.000278718550626463,0.000352531664726394,0.000434193009113106,0.000506760240181319
"36",3.09685637209602e-05,2.07013120294278e-05,1.99744060543228e-05,2.42050257916634e-05,3.20515749985162e-05,4.04103224541286e-05,4.52927568828951e-05,4.64676431878346e-05,4.52661620229168e-05,4.34323699388459e-05,4.25758031848476e-05,4.35295042068366e-05,4.56063154659494e-05,4.78407315594619e-05,4.90922977093169e-05,4.81485033340561e-05,4.45687981923117e-05,4.02135065733625e-05,3.6962848148746e-05,3.61718711338767e-05,3.93865722669604e-05,4.94928615587945e-05,7.02149886820046e-05,0.000107093379877361,0.000167197704233011,0.000254403009757832,0.000360013640747404,0.000468109490345238,0.000567582304934218,0.000651765860393151,0.000719886744617953,0.000776540730839535,0.000822611427597815,0.000849836985860011,0.000849590474626653,0.000815529138432158,0.000745866518150208,0.000648572437083086,0.000541643230623208,0.000439540977733988,0.000350663369417484,0.000278266018614739,0.000221933456067565,0.000178884373286582,0.000146352929035907,0.000122068099395734,0.000104247838202896,9.16894791344772e-05,8.4369222050922e-05,8.28475116635679e-05,8.85585586341283e-05,0.000105114351985494,0.000140699945349497,0.000203580774852898,0.00029300243553945,0.00038566081975985,0.000426823007111477
"37",1.46876554080163e-05,9.79808576125956e-06,9.64221506618275e-06,1.20285821081834e-05,1.63459187191048e-05,2.08270146009913e-05,2.31493227220967e-05,2.33179388202244e-05,2.22977682063376e-05,2.12046335309852e-05,2.10060761342194e-05,2.22071732008065e-05,2.43341278786944e-05,2.66351833377612e-05,2.80644302619842e-05,2.74322001716419e-05,2.43579070345625e-05,2.05792858911246e-05,1.76398129232939e-05,1.6356612838493e-05,1.74940707987856e-05,2.2766712852668e-05,3.5038901182413e-05,5.9679698860001e-05,0.000105250774883294,0.000179822094724198,0.000279337534868416,0.000388213861045917,0.000492739187843841,0.000583627553437203,0.000659166886801547,0.00072512544051189,0.000783174985270003,0.000823013528788666,0.000833000176743458,0.000803823348170627,0.000732080639609572,0.000627720656396553,0.000513921198775794,0.000408320825180072,0.000319987996156357,0.000251388416649032,0.000200322849965935,0.000161052359971461,0.000129412763548541,0.000102963331314401,8.03536400548586e-05,6.13266244561082e-05,4.7672633577128e-05,4.00339543413793e-05,3.85226428221553e-05,4.50527053726968e-05,6.72799870522337e-05,0.000118849971488448,0.000210502159184854,0.000316259511724852,0.000340993015374724
"38",5.71462829161693e-06,3.81639266213275e-06,3.80604402163523e-06,4.8300431476849e-06,6.64638386363305e-06,8.46546588095659e-06,9.27287869360949e-06,9.15064966152881e-06,8.59985333326702e-06,8.13692022119693e-06,8.19306343620316e-06,9.02139505601657e-06,1.0432042243962e-05,1.20461128182989e-05,1.32074863652788e-05,1.30738281870219e-05,1.13449419845672e-05,9.15463928267088e-06,7.45906030250012e-06,6.66339341054036e-06,7.08663031871128e-06,9.61252682450578e-06,1.60720940887919e-05,3.05250063901476e-05,6.06718377197022e-05,0.00011626963727743,0.000198684424974514,0.000296834874505996,0.000397803256807505,0.00049123672711303,0.000574181482986794,0.000652256207956273,0.000727057338390578,0.000785729848317401,0.000812242400341477,0.00079242751251488,0.000719902263823884,0.000607335959868536,0.000485547010524133,0.000376523957829314,0.000289884636125601,0.000226799044452321,0.000182755984242923,0.000148091785330317,0.000116787157977608,8.67440615508457e-05,5.8727395464616e-05,3.55826625791274e-05,2.09010278755361e-05,1.34330303167772e-05,1.06625816892774e-05,1.17987949030701e-05,2.01994592009358e-05,4.74808376469979e-05,0.000116136343802223,0.000223276629768531,0.000254857795178171
"39",1.73594850229284e-06,1.1553248323201e-06,1.15058380501531e-06,1.45645019657349e-06,1.99045611910101e-06,2.49928264411533e-06,2.68135525495286e-06,2.59195618792814e-06,2.40344518834212e-06,2.27600393788198e-06,2.3431238982716e-06,2.70086820560366e-06,3.31668610483415e-06,4.0809214797781e-06,4.73178543305954e-06,4.86255842491159e-06,4.26923125339729e-06,3.42611798029192e-06,2.76370743336161e-06,2.46427027217444e-06,2.67091783525174e-06,3.81084782204602e-06,6.89332698847423e-06,1.44209421341325e-05,3.18199911622467e-05,6.75355322582304e-05,0.000126285049845993,0.000203478703644798,0.000290765299331553,0.000379764205311036,0.000467223380228194,0.00055774758776883,0.000652305180817216,0.000735547857045203,0.0007856524858604,0.000780947716559241,0.000709794004501613,0.000588169128109812,0.000457413228849989,0.000345093162931492,0.000261077635799995,0.000204735506928121,0.000168990002670017,0.000139362801676017,0.000107273618646617,7.20014752948172e-05,3.93671936711367e-05,1.68170096658745e-05,6.44152764916936e-06,2.73633039569703e-06,1.59481251345506e-06,1.57773499154215e-06,3.19018454378782e-06,1.11137385070847e-05,4.37139507147456e-05,0.000126546678157852,0.000175754938913823
"40",3.91839545358517e-07,2.56723245067573e-07,2.49495988026539e-07,3.0649873758913e-07,4.05588724433622e-07,4.93596511017171e-07,5.15530497499374e-07,4.89112816377866e-07,4.50466536056952e-07,4.30369262223843e-07,4.55742993511589e-07,5.51519356767734e-07,7.21837798706645e-07,9.54940575949602e-07,1.1934128408288e-06,1.31674738072608e-06,1.23059173858124e-06,1.04402547011961e-06,8.87307247940062e-07,8.33648825894128e-07,9.554737881384e-07,1.45117501725259e-06,2.81224274872238e-06,6.33262575077299e-06,1.50851008597423e-05,3.46083876555394e-05,6.99234818555933e-05,0.000121597041728689,0.000187326777313915,0.00026348911343193,0.000348755066519481,0.000447434846476121,0.000560572552975001,0.000671578058102839,0.000751932326240469,0.000769012764644431,0.000702202943939524,0.000570876437134529,0.000430249114218121,0.000314772280848343,0.000234084059473093,0.000185287544528489,0.000158823073577152,0.000134492364843281,0.000100024919558618,5.80838268480669e-05,2.34125408190209e-05,6.07912647701072e-06,1.26427679513883e-06,2.95845289422399e-07,1.09470743147097e-07,9.00185062022042e-08,2.22062099140949e-07,1.30493845235348e-06,9.97301162895224e-06,5.36923303315213e-05,0.00011030031038239
"41",6.28016827207122e-08,3.98048846426172e-08,3.6695033517175e-08,4.23650712820291e-08,5.27426846100971e-08,6.10754746742537e-08,6.17587613451143e-08,5.77196169490145e-08,5.32548059612163e-08,5.18110080509106e-08,5.67647917103017e-08,7.21805250147407e-08,1.00794876159956e-07,1.44439007889656e-07,1.98476161060925e-07,2.44376933133379e-07,2.58300144057533e-07,2.49490363798579e-07,2.41036476122986e-07,2.54945219112715e-07,3.23133012086046e-07,5.29526047372143e-07,1.08453536660408e-06,2.55080589332539e-06,6.32843437621379e-06,1.52127665687861e-05,3.2675609593936e-05,6.13762783885148e-05,0.000103343945618376,0.000160085263460052,0.000234138964810116,0.000331638780752151,0.000456047468854573,0.000592674031085922,0.000707211394241051,0.000752794600332756,0.000694585519940074,0.000554184588888503,0.000403788942407421,0.000285856787074074,0.000209198975909483,0.000168387676583178,0.000151928978706346,0.000133052917055606,9.42287406102776e-05,4.49613469337196e-05,1.20424240487221e-05,1.60904432001886e-06,1.47997242761877e-07,1.55360467099365e-08,3.08790220239627e-09,1.92778026621071e-09,5.92601924940571e-09,6.66502340003832e-08,1.20299758426312e-06,1.51158853565256e-05,5.73574034169436e-05
"42",6.94119123139994e-09,4.20179422845786e-09,3.59603222448132e-09,3.80715710824541e-09,4.36281560936228e-09,4.74266966911987e-09,4.62828391475854e-09,4.27800025495688e-09,3.98428831874708e-09,3.97754670539689e-09,4.527430773757e-09,6.04559103785113e-09,8.99793428135912e-09,1.40169019457887e-08,2.14612237791011e-08,3.03276125054972e-08,3.7949098241962e-08,4.41642763257222e-08,5.14229837781421e-08,6.44421554576826e-08,9.35017223047977e-08,1.6704399773407e-07,3.5790408391929e-07,8.60112909248436e-07,2.16785704676229e-06,5.3582812708418e-06,1.21806111085663e-05,2.49896161241858e-05,4.70307812124591e-05,8.26083213263239e-05,0.000137775277115628,0.000221852952540738,0.000343218977441027,0.000493733974516381,0.000638027306901,0.0007155153404535,0.000672850002167914,0.000529839121359528,0.00037470904613214,0.00025764106662359,0.000186446019512441,0.000153728530405385,0.000147312240933716,0.000133598494808505,8.85279559455318e-05,3.30912539806981e-05,5.38688499282877e-06,3.22512464681325e-07,1.10513784950251e-08,4.35287977886867e-10,3.96118011103334e-11,1.6740083957527e-11,6.1274154398218e-11,1.35114412533708e-09,6.22111446973025e-08,2.04295570683445e-06,1.63439125848531e-05
"43",5.15898600955753e-10,2.96556085764108e-10,2.32879213387164e-10,2.2297289704828e-10,2.32320196649671e-10,2.35427768092022e-10,2.21635257324838e-10,2.03407400470143e-10,1.92343417840755e-10,1.98064447167867e-10,2.34718847489139e-10,3.2852643015735e-10,5.19564277740676e-10,8.79113271438425e-10,1.50687399048478e-09,2.47756780861178e-09,3.76150680371332e-09,5.44367911117038e-09,7.89647161409172e-09,1.20725528565207e-08,2.04553166525549e-08,4.00815921323517e-08,8.93826105931413e-08,2.17273392338358e-07,5.51338262929522e-07,1.39862226902322e-06,3.40244817808685e-06,7.80983280439491e-06,1.69730629070842e-05,3.50655796459833e-05,6.91414034574397e-05,0.000130575910587024,0.000232848380556909,0.000377799344331673,0.000536618612384587,0.000641985992766447,0.000622545078073492,0.000489627078409767,0.000340031851281651,0.000229525350033054,0.000165766184887613,0.000140997885767043,0.000143979738400711,0.000134481275340898,8.17083083800409e-05,2.29660805170398e-05,2.12371440298257e-06,5.16160949105872e-08,5.82023651602213e-10,7.4813381091082e-12,2.6964690156346e-13,6.70321934985257e-14,2.57572788712836e-13,1.00467311548704e-11,1.09807813091347e-09,9.1157441415724e-08,1.55800267072314e-06
"44",2.51437587832794e-11,1.37435512712713e-11,9.88432556019682e-12,8.53113055343972e-12,8.05953100878995e-12,7.61007267001069e-12,6.92748168209922e-12,6.33733813327311e-12,6.10910317067358e-12,6.50700738452956e-12,8.0292899086505e-12,1.17427023546089e-11,1.96342554292174e-11,3.58945715335613e-11,6.86157077434442e-11,1.31162969651079e-10,2.42450588182335e-10,4.3918486773941e-10,7.99918474436966e-10,1.50307433281356e-09,2.98960424609971e-09,6.43611989070416e-09,1.49394388717004e-08,3.67975758462795e-08,9.46510850995945e-08,2.50207400487705e-07,6.68995750666085e-07,1.78274255615371e-06,4.66968966960236e-06,1.18583441830564e-05,2.87938179037607e-05,6.59162375347664e-05,0.00013876294152869,0.000258376980597279,0.000408926795942572,0.000528641126108244,0.00053655459936262,0.000429213369537489,0.000298408393757862,0.000201293455018162,0.000147072491624005,0.000129932723461488,0.000141065684775065,0.000134041061041429,7.29806274418398e-05,1.49063122223011e-05,7.47765361678359e-07,6.95492417127492e-09,2.3902104743499e-11,9.06889782288434e-14,1.13655453981635e-15,1.40762267053108e-16,4.61863615970074e-16,2.5322451345924e-14,5.2669174263958e-12,9.23500016156481e-10,3.03331701869348e-08
"45",7.83609086263145e-13,4.10731086489621e-13,2.72703569797701e-13,2.13751488339649e-13,1.84341231272893e-13,1.63167537464633e-13,1.44360988173858e-13,1.321498900093e-13,1.30163761500389e-13,1.43458125385257e-13,1.83970842465731e-13,2.79888689680412e-13,4.91309153228258e-13,9.61102530104462e-13,2.02368144353579e-12,4.42980232031804e-12,9.79496868085405e-12,2.18004304082521e-11,4.89926305261705e-11,1.11521987911634e-10,2.57937614663421e-10,6.08503230191079e-10,1.47788904523171e-09,3.73922860752836e-09,9.97286334338341e-09,2.83721206338278e-08,8.69754998461166e-08,2.82840695430711e-07,9.4153070306402e-07,3.09423934795159e-06,9.68231816296188e-06,2.78219011635996e-05,7.07831330978073e-05,0.000153675356039636,0.000274407327421216,0.000388409436797073,0.000420124658070371,0.000350285402769904,0.00025046602874069,0.000173079850829695,0.000130257595201291,0.000120311228235825,0.000137781836975849,0.000130665932999717,6.21400238629543e-05,8.97373296997775e-06,2.38298659342868e-07,8.31910760306308e-10,8.46277840169037e-13,8.91473652947235e-16,3.4611732641336e-18,1.76285836832035e-19,3.706818941551e-19,1.99930626349176e-17,5.46555915951974e-15,1.46082126199611e-12,7.36370973466574e-11
"46",1.52823542007268e-14,7.79578475772345e-15,4.85917143855682e-15,3.51805760002031e-15,2.81246773866401e-15,2.36165326316181e-15,2.04648370929232e-15,1.8820818233796e-15,1.89577754224362e-15,2.15841786400955e-15,2.86642970217879e-15,4.51195132482208e-15,8.2434185223877e-15,1.7026152505566e-14,3.87202636509303e-14,9.44319812887247e-14,2.41007850117636e-13,6.33192326223357e-13,1.68816392713286e-12,4.5024641602091e-12,1.18419915040571e-11,3.04067623160794e-11,7.79615308282537e-11,2.07249273354055e-10,5.93172779145737e-10,1.89809526602087e-09,7.02651226427144e-09,2.95090915640428e-08,1.32234692487203e-07,5.94034110750239e-07,2.51337116924456e-06,9.41324043960727e-06,2.97317491719737e-05,7.67817336738241e-05,0.000157365395866305,0.000248446086393057,0.000293351541068441,0.000262906085259488,0.000199790274604358,0.000145633054621258,0.000115188189527927,0.000111832617790199,0.000133435666779765,0.000123373885192728,4.99558933171121e-05,5.00641329390927e-06,7.01790451070801e-08,9.3610950983816e-11,2.860427469891e-14,8.16640260162544e-18,8.90016578436305e-21,1.51288099869579e-22,1.43670085348424e-22,4.81641209284756e-21,1.05801266420635e-18,2.75488728637562e-16,1.53814877897122e-14
"47",1.86082511241928e-16,9.39809570409618e-17,5.61035374764678e-17,3.82952608412067e-17,2.89129596086363e-17,2.33683885366442e-17,2.00185245284503e-17,1.8585603402372e-17,1.91689562856088e-17,2.25129998285055e-17,3.08603001391946e-17,5.00113742747359e-17,9.43337575809628e-17,2.03054227849673e-16,4.89012940482367e-16,1.29184061719278e-15,3.66636613175677e-15,1.08998606364624e-14,3.30576887822689e-14,9.96090200507862e-14,2.90407412969047e-13,8.03506101974283e-13,2.18484722582561e-12,6.19985105876198e-12,1.94987348748022e-11,7.21827323371718e-11,3.32303958632736e-10,1.85708348504103e-09,1.15648117559289e-08,7.35483211489096e-08,4.37773877773541e-07,2.23655372926431e-06,9.22883414758342e-06,2.99169878827106e-05,7.4268588484603e-05,0.000137632664013058,0.000185644841900943,0.000185706719194796,0.000154410381616843,0.000121103355523732,0.000101670114412299,0.000103684592803774,0.000127548435321657,0.000113359110208897,3.86775630590796e-05,2.69205641251988e-06,2.03110598695048e-08,1.07900098702674e-11,1.03030265056996e-15,7.98985541786943e-20,2.2779603647616e-23,1.08090756565332e-25,3.37419945838808e-26,4.58322808120772e-25,5.07034024056191e-23,8.32712548325644e-21,3.70060683373165e-19
"48",1.42059472888207e-18,7.23389336916298e-19,4.22500381764802e-19,2.77930105222865e-19,2.02207819191197e-19,1.59825983972646e-19,1.3678527862338e-19,1.28968325149807e-19,1.36510761853677e-19,1.65302435759877e-19,2.33343457136141e-19,3.87798208570332e-19,7.50041249829969e-19,1.66357485897359e-18,4.16952005205328e-18,1.16365696564397e-17,3.55253978661179e-17,1.15052139694749e-16,3.82011987490116e-16,1.25681277200201e-15,3.95968140007194e-15,1.16526821677277e-14,3.3522080471786e-14,1.01922744003787e-13,3.54175315636363e-13,1.52105343165084e-12,8.67407078124402e-12,6.39943981861840e-11,5.51531342959926e-10,5.00390068362473e-09,4.30683677402268e-08,3.17144426767681e-07,1.855898696514e-06,8.32691596904786e-06,2.77055613099573e-05,6.61184561482489e-05,0.000109493028257459,0.000127844109957936,0.000118903837501125,0.000100911402311545,8.95204314384768e-05,9.50932345307054e-05,0.000119821559314007,0.000102329457993685,2.9709407504816e-05,1.47082894653069e-06,6.22805525933734e-09,1.39994274448153e-12,4.42662050158417e-17,9.55996060358332e-22,6.8604695620803e-26,7.9589841949371e-29,6.33928254866799e-30,2.45435521289377e-29,9.23030895360373e-28,6.56145896027987e-26,1.71559116271242e-24
"49",6.82827735647177e-21,3.57382024355267e-21,2.08894057946831e-21,1.35573628704134e-21,9.71323792785669e-22,7.63918801308471e-22,6.60918215070448e-22,6.37321947839273e-22,6.94601633403591e-22,8.67628158759361e-22,1.25949925816631e-21,2.14034111739326e-21,4.22097548131894e-21,9.55420306271371e-21,2.4549064991619e-20,7.08176222832209e-20,2.25874564681254e-19,7.70437785447119e-19,2.70526485893395e-18,9.4132952465285e-18,3.12457492753389e-17,9.62494623091392e-17,2.90193771604747e-16,9.37553976966882e-16,3.55423724948332e-15,1.7312588644259e-14,1.17826052082917e-13,1.09611802976232e-12,1.2560004130742e-11,1.59397131040432e-10,2.01451853376026e-09,2.28093123523543e-08,2.11972940730713e-07,1.5165355301116e-06,7.84652184109495e-06,2.75805372155201e-05,6.18910291575978e-05,8.88263041743764e-05,9.38157769809922e-05,8.54315967708369e-05,7.8588225460775e-05,8.5561880284582e-05,0.000110150100072105,9.16212687827181e-05,2.33238418704312e-05,8.60759466637214e-07,2.18135832434249e-09,2.24668880925751e-13,2.53928790828438e-18,1.60178869606092e-23,2.87414303854531e-28,7.47664949786102e-32,1.25781445239223e-33,1.05382236095565e-33,9.79532152251511e-33,2.19235856125899e-31,2.56440857995588e-30
"50",2.07517818002194e-23,1.1391943303207e-23,6.82559431601739e-24,4.48089237128303e-24,3.23557211942608e-24,2.57990312586246e-24,2.28599194099864e-24,2.27303070005733e-24,2.56181846839553e-24,3.3056508569335e-24,4.93261459357796e-24,8.55476210206287e-24,1.71278010961177e-23,3.92514230117421e-23,1.02086078944675e-22,2.98766680915892e-22,9.70840202946197e-22,3.38633746248386e-21,1.21913710114199e-20,4.35599743066727e-20,1.48528009087744e-19,4.69920487252386e-19,1.46073186181762e-18,4.91349463568703e-18,1.97024594605224e-17,1.03752001267749e-16,7.85289491796951e-16,8.47124810688961e-15,1.19604302706267e-13,2.02558085983309e-12,3.77118066005824e-11,7.07105895336159e-10,1.2054883121737e-08,1.65546046918605e-07,1.62038596654854e-06,1.00029607139901e-05,3.44774540249586e-05,6.45047740776469e-05,7.79937734812395e-05,7.45070544629672e-05,6.8748341720683e-05,7.49052012467166e-05,9.86639260939945e-05,8.21454731862269e-05,1.92790704746243e-05,5.68805971720789e-07,9.4084090954031e-10,4.90084260098882e-14,2.17691945297679e-19,4.30337485522836e-25,1.98014511196287e-30,1.10925575581211e-34,3.4797041626156e-37,5.16901005330307e-38,9.29897121730981e-38,5.05266424470668e-37,2.06804280283543e-36
"51",4.00793716088711e-26,2.35725888468181e-26,1.4846650240997e-26,1.01213828486962e-26,7.54912761793274e-27,6.2264667076153e-27,5.73195171309049e-27,5.93249016756374e-27,6.95243389288501e-27,9.29166903648827e-27,1.42624415473501e-26,2.52284997717154e-26,5.11361590624743e-26,1.17942836923046e-25,3.07389819055785e-25,8.98978881189486e-25,2.9152687969457e-24,1.01452113408114e-23,3.64664830242878e-23,1.3030882952682e-22,4.45551473067627e-22,1.41846946106156e-21,4.44948970401136e-21,1.512745996579e-20,6.13303894096213e-20,3.26232819650553e-19,2.49288460116185e-18,2.78342800680513e-17,4.36185900543364e-16,9.20097842568447e-15,2.50567134748839e-13,8.4323922362659e-12,3.1163939089068e-10,1.02151647089577e-08,2.38347898347486e-07,3.17710562573646e-06,1.94321000931772e-05,5.04640808718208e-05,6.99525346202973e-05,6.77253134737567e-05,5.99229377479593e-05,6.34011593054276e-05,8.58505079853931e-05,7.4367852839233e-05,1.72033068235315e-05,4.43619433075995e-07,5.32315044543973e-10,1.57396851750251e-14,3.07297709319257e-20,2.08775441469489e-26,2.60707787860112e-32,3.16068200980258e-37,1.73872047213918e-40,4.04393373433864e-42,1.18653221837727e-42,1.27950413476981e-42,1.47732455723463e-42
"52",4.97754894401425e-29,3.20544943702664e-29,2.17671689157336e-29,1.58226876698249e-29,1.24982590141635e-29,1.08892980141349e-29,1.05810963405288e-29,1.15304593272911e-29,1.4163506552229e-29,1.97118004076108e-29,3.12414997546122e-29,5.65070441379989e-29,1.16045532042142e-28,2.68930966118064e-28,6.98990366697923e-28,2.02512108527431e-27,6.46986506395465e-27,2.21106162992663e-26,7.80038442705711e-26,2.74150361054245e-25,9.26333602460128e-25,2.93368701519949e-24,9.17652902294408e-24,3.0968862155033e-23,1.23197619704979e-22,6.31186592613942e-22,4.53989659596612e-21,4.82653583466637e-20,7.77267434603517e-19,1.94172017141259e-17,7.7058386961245e-16,4.9550010017456e-14,4.51198159871859e-12,4.16879249767436e-10,2.76380926005335e-08,9.298141078987e-07,1.12379583588727e-05,4.23501709515394e-05,6.71132810818975e-05,6.38945823707429e-05,5.2208181614069e-05,5.23056021840732e-05,7.30330937531235e-05,6.79512017703964e-05,1.6409522816047e-05,4.00619000158124e-07,3.85140622639562e-10,7.24835177314678e-15,7.00226035488058e-21,1.82192415438357e-27,6.71477132439704e-34,1.84355841219135e-39,1.76713013517762e-43,6.06558030898151e-46,2.61548798521328e-47,4.85964449854829e-48,1.33451211342106e-48
"53",4.03406038666565e-32,2.90787243135875e-32,2.18314614952942e-32,1.7367839119307e-32,1.48951641512359e-32,1.40092341309947e-32,1.46219116671737e-32,1.70111551975332e-32,2.21450881802982e-32,3.23824009171855e-32,5.33948143175136e-32,9.94051293530305e-32,2.07941336162421e-31,4.85968057903054e-31,1.26160097241562e-30,3.61739754344666e-30,1.13442649627274e-29,3.78744064240936e-29,1.30442147400034e-28,4.49061624931691e-28,1.49734926870464e-27,4.72813630282143e-27,1.48094053101445e-26,4.97528966906549e-26,1.93891697329213e-25,9.47953670011229e-25,6.29264762997899e-24,6.20368918459973e-23,1.00179761377963e-21,2.92321460335568e-20,1.70031564551175e-18,2.16094541561523e-16,5.15547525855849e-14,1.44994084539762e-11,2.95711264467915e-09,2.69030053923175e-07,6.72615204068987e-06,3.73787968873758e-05,6.73167362298231e-05,6.18633080111028e-05,4.56802889153764e-05,4.26759092778932e-05,6.13910667754816e-05,6.23878878790794e-05,1.63106008698197e-05,3.99499353370355e-07,3.33841645458155e-10,4.44449151901943e-15,2.39619170153758e-21,2.6964246564612e-28,3.27184334137637e-35,2.21158901120156e-41,3.86355653047861e-46,1.96055907342046e-49,1.19360312601526e-51,3.52590062414428e-53,2.04386894408533e-54
"54",2.16526311379007e-35,1.78650735838893e-35,1.52018960624425e-35,1.35800134407547e-35,1.29635159308834e-35,1.3459344416106e-35,1.53805045681795e-35,1.94178758840121e-35,2.71699329926913e-35,4.22670920851459e-35,7.33349609168584e-35,1.42032205226558e-34,3.05643323779881e-34,7.26825786708894e-34,1.89962589185202e-33,5.42704202541459e-33,1.68004998724517e-32,5.50956780952808e-32,1.86435447046844e-31,6.34065873645107e-31,2.1111277460974e-30,6.75438720018119e-30,2.16180547327527e-29,7.4042513998031e-29,2.90347428361556e-28,1.39465084214797e-27,8.81119557359824e-27,8.30639491694137e-26,1.38337911717607e-24,4.82448455968449e-23,4.17610923787338e-21,1.05429774834842e-18,6.55529877040535e-16,5.54115200401742e-13,3.41794096214586e-10,8.25780316788524e-08,4.20218106224027e-06,3.40154443763424e-05,6.89867626895298e-05,6.07771705041102e-05,4.03271148142909e-05,3.49407280201753e-05,5.15376094882506e-05,5.73017024406609e-05,1.64677311002613e-05,4.19464342755749e-07,3.24730756510298e-10,3.36874803647139e-15,1.14536633115335e-21,6.37921417638991e-29,2.91598435176182e-36,5.48083561360147e-43,1.92125957369618e-48,1.53446449477262e-52,1.35102467383985e-55,6.22239784094928e-58,7.11365416430351e-60
"55",7.81141287412174e-39,7.54597875969047e-39,7.45887769630467e-39,7.67374287398053e-39,8.3583543034235e-39,9.8031834335324e-39,1.25221109608611e-38,1.74804837989958e-38,2.67445976558583e-38,4.49745315039431e-38,8.33649309694644e-38,1.70456468412005e-37,3.82824977442372e-37,9.39651127527771e-37,2.50804609238995e-36,7.24318862658015e-36,2.24663713591024e-35,7.35423346318885e-35,2.48986879007567e-34,8.54443404047911e-34,2.91266914118547e-33,9.7283460360831e-33,3.29947085602148e-32,1.20489549743774e-31,5.02400665290464e-31,2.53654581534966e-30,1.65432393943406e-29,1.62821691910436e-28,3.03176245754238e-27,1.3413806662142e-25,1.77119200724538e-23,8.67390219790522e-21,1.30790033649485e-17,2.99981374283733e-14,4.99656982810147e-11,2.88540106178878e-08,2.76394183739896e-06,3.12889498675368e-05,7.05919507013105e-05,5.99057064325403e-05,3.60891560987054e-05,2.91290771471493e-05,4.36718837049294e-05,5.2416947683959e-05,1.64621736362096e-05,4.42180228262395e-07,3.32016139517323e-10,2.93023623059915e-15,7.11282275336731e-22,2.27394920378766e-29,4.59575272505926e-37,2.8184307691102e-44,2.29754970878119e-50,3.26763229072312e-55,4.54385871823351e-59,3.40084627035666e-62,7.54165891324585e-65
"56",1.92192632384424e-42,2.22441324855445e-42,2.61731392206816e-42,3.17981459201702e-42,4.05132848207951e-42,5.49719531925854e-42,8.02708947923172e-42,1.26559769611268e-41,2.16056741654786e-41,4.00487056090291e-41,8.0829319499749e-41,1.77793114205652e-40,4.24718868807662e-40,1.09728767563078e-39,3.05325795585177e-39,9.1121795125433e-39,2.90036670562374e-38,9.73030564823556e-38,3.39472935239542e-37,1.21520934371263e-36,4.40378884061275e-36,1.60286483474859e-35,6.06493744425236e-35,2.51814323104059e-34,1.2110742506101e-33,7.12211381907112e-33,5.44615688525451e-32,6.43636778452439e-31,1.52352761079592e-29,9.38199107267732e-28,1.95232154730661e-25,1.76212026273735e-22,5.63383433285598e-19,2.91248281912333e-15,1.0694904908177e-11,1.22548562215326e-08,1.92954063435099e-06,2.85638059664025e-05,7.06016233218627e-05,5.86110968369362e-05,3.28731743081524e-05,2.50570157798315e-05,3.77197896919497e-05,4.7560587217512e-05,1.59161544568179e-05,4.47937101818895e-07,3.3593777575123e-10,2.73071465555675e-15,5.36543388665643e-22,1.1557890350966e-29,1.24095741491944e-37,3.01925061505011e-45,6.96082556044408e-52,2.11257213163919e-57,5.38509708700599e-62,7.23683202859429e-66,3.2182381596507e-69
"57",3.26685902503989e-46,4.64192278759218e-46,6.66941998826716e-46,9.82094004677183e-46,1.50225996663617e-45,2.41923690008417e-45,4.13961432086625e-45,7.55156317541839e-45,1.47286347071457e-44,3.08027810811746e-44,6.92739780514648e-44,1.67761342125894e-43,4.36472407825491e-43,1.21655993762754e-42,3.62235254910949e-42,1.14893930403809e-41,3.86885595342961e-41,1.37520861285304e-40,5.12755528154958e-40,1.99279697948277e-39,8.02198584917489e-39,3.34009513003574e-38,1.49156844074757e-37,7.53776792525079e-37,4.54889788448234e-36,3.45925107793852e-35,3.52486133434011e-34,5.74780645961717e-33,1.96057734873741e-31,1.83290293208496e-29,6.15347565744855e-27,9.59957660290203e-24,5.59697112055273e-20,5.32031230676925e-16,3.45473696798584e-12,6.42092172471091e-09,1.43479009246712e-06,2.58131670872827e-05,6.8697964542522e-05,5.6694932612015e-05,3.04151916826429e-05,2.22346413278015e-05,3.32193853153691e-05,4.27952050164029e-05,1.48549073552942e-05,4.34155555874206e-07,3.33849414979453e-10,2.69653580974406e-15,4.84961617014724e-22,8.26094218084013e-30,5.68269267084518e-38,6.73073448290538e-46,5.42341138598405e-53,4.30566289917507e-59,2.40137002363077e-64,6.60933156831369e-69,6.30613405727631e-73
"58",3.88215355678645e-50,6.95297772022419e-50,1.253516552877e-49,2.30018851444261e-49,4.3439410600657e-49,8.53642273729552e-49,1.75938142568834e-48,3.81614959174153e-48,8.73805486718326e-48,2.1187066168971e-47,5.45675731797144e-47,1.49576683172056e-46,4.36071317396363e-46,1.35065491928866e-45,4.43969813428464e-45,1.54708270221879e-44,5.71072643850504e-44,2.23427015890818e-43,9.27361267912036e-43,4.08727255779294e-42,1.91466175270382e-41,9.58490901510828e-41,5.33701420254518e-40,3.49572764754498e-39,2.84877120733086e-38,3.05499278058732e-37,4.59267302077324e-36,1.14981991568905e-34,6.19867716717029e-33,9.32472092843193e-31,5.07227792020478e-28,1.27675497556442e-24,1.17991051228788e-20,1.71713879808392e-16,1.62090701957387e-12,4.08779142852301e-09,1.13736254878713e-06,2.32484448821813e-05,6.53784919072971e-05,5.42180776938624e-05,2.84212895209569e-05,2.01862324535249e-05,2.96780669867795e-05,3.82648417345994e-05,1.35299691690441e-05,4.10274828242087e-07,3.33643541545433e-10,2.88732492794374e-15,5.34761472172787e-22,8.39023750318784e-30,4.42399004486511e-38,3.10996725841064e-46,1.07914260708716e-53,2.75313937676237e-60,4.04420866894319e-66,2.6427615128049e-71,5.93559842732145e-76
"59",3.26377481420228e-54,7.579486679968e-54,1.76499375615434e-53,4.15662562887815e-53,9.98489709956304e-53,2.46742112761198e-52,6.31320939066944e-52,1.6785167606548e-51,4.65303535292083e-51,1.34942518686635e-50,4.10798420956732e-50,1.31634623505192e-49,4.44544618403367e-49,1.5838398702467e-48,5.95942995544509e-48,2.37051410251524e-47,9.98969556859456e-47,4.4904704996955e-46,2.17047801380061e-45,1.13720026380688e-44,6.51074368515906e-44,4.12345999770776e-43,3.02047622714275e-42,2.71578035075797e-41,3.1811016674848e-40,5.15207585411484e-39,1.23208470200331e-37,5.1012076966541e-36,4.61047452858161e-34,1.14908850765811e-31,9.97680818232126e-29,3.76578577252992e-25,4.84709366952442e-21,9.18196941222353e-17,1.06216881836794e-12,3.11335885141493e-09,9.61916002862992e-07,2.10113214684869e-05,6.11836555831222e-05,5.12606790777839e-05,2.66686610358102e-05,1.85945725100549e-05,2.67569751021038e-05,3.40689565319875e-05,1.2159184009831e-05,3.85324470468738e-07,3.43461521876553e-10,3.43193660778411e-15,7.32742161356375e-22,1.22402328428948e-29,5.87047793478001e-38,2.96634207118201e-46,5.44421293058112e-54,5.49347730477896e-61,2.57977396415855e-67,4.71474737480518e-73,2.80412915503754e-78
"60",1.96439730002956e-58,6.09691760205643e-58,1.89098770768567e-57,5.89648913048271e-57,1.8597464958909e-56,5.96884164759048e-56,1.95939582321857e-55,6.60392526647713e-55,2.29371231892612e-54,8.24027192232492e-54,3.07339806295033e-53,1.194399963466e-52,4.85335343649187e-52,2.06915106309086e-51,9.28747358311144e-51,4.40407869107224e-50,2.21788081476324e-49,1.20143735822362e-48,7.10500019378482e-48,4.65529637993372e-47,3.42981820919915e-46,2.89506033302231e-45,2.93939501979038e-44,3.82158611716656e-43,6.77358757577827e-42,1.74255820899092e-40,6.96060679596706e-39,4.96913455978264e-37,7.72456427027481e-35,3.19052178894278e-32,4.27246822433098e-29,2.2374320574582e-25,3.56319359745206e-21,7.62774374209332e-17,9.34778241287246e-13,2.79296590860441e-09,8.68669564395656e-07,1.91866485115626e-05,5.66099911129346e-05,4.79148190521867e-05,2.49840455088021e-05,1.72347242518016e-05,2.42176221741251e-05,3.02669763326139e-05,1.09013059142449e-05,3.6662455041546e-07,3.73043657631119e-10,4.63587282854472e-15,1.27077506362633e-21,2.59270407199292e-29,1.3312781158479e-37,5.81702185663611e-46,6.91348166758906e-54,3.4022694366621e-61,6.25126758943965e-68,3.82443720506987e-74,6.94767668817394e-80
"61",8.56393580018071e-63,3.66868641758461e-62,1.56552964418652e-61,6.67997613155581e-61,2.86088785036482e-60,1.23449496806336e-59,5.38805181261298e-59,2.38823889962745e-58,1.0793974103538e-57,4.99455280818929e-57,2.37562731566715e-56,1.16686476977089e-55,5.9537522277809e-55,3.17497737941946e-54,1.78041727817226e-53,1.056296616745e-52,6.68647673818052e-52,4.59937628468907e-51,3.51045184167827e-50,3.03572130481821e-49,3.03716163478453e-48,3.60232760510733e-47,5.33237948173786e-46,1.0500409470808e-44,2.93219452717213e-43,1.23775501210332e-41,8.44822870556102e-40,1.05022324107485e-37,2.78827883131905e-35,1.8558453811539e-32,3.63505334853404e-29,2.43341238306998e-25,4.30595479090143e-21,9.23232649806555e-17,1.06222162592058e-12,2.90439564518793e-09,8.37858078743258e-07,1.78168012936287e-05,5.2057680761473e-05,4.42853080780242e-05,2.32422554638316e-05,1.59464414532646e-05,2.18951429478088e-05,2.68821810233156e-05,9.85252423144049e-06,3.59857365233018e-07,4.37267031098531e-10,7.27415343716534e-15,2.83660095207022e-21,8.0474167111314e-29,5.16509806271572e-37,2.3323077834837e-45,2.19044722638508e-53,6.49367134494118e-61,5.75910731469313e-68,1.43393002592567e-74,9.40609220310966e-81
"62",2.72822524270541e-67,1.66959385757931e-66,1.01474597855542e-65,6.13658048697529e-65,3.69934500580832e-64,2.22724599852538e-63,1.34306600786102e-62,8.14620684537873e-62,4.99150124687169e-61,3.10322580870394e-60,1.96604079857013e-59,1.27638668183832e-58,8.56347871669893e-58,5.99029253813231e-57,4.40785522030461e-56,3.4422286976993e-55,2.88616503580602e-54,2.65895138128031e-53,2.76291150103671e-52,3.32391913735821e-51,4.75248088400852e-50,8.31458200202594e-49,1.87524189418691e-47,5.80538175059909e-46,2.62691220330865e-44,1.85006206674273e-42,2.16384520953567e-40,4.62622223329103e-38,2.03859708478731e-35,2.08910656904707e-32,5.61737945143398e-29,4.42842335930023e-25,7.90074100237751e-21,1.52990387674664e-16,1.49450440406252e-12,3.42315129195451e-09,8.56498696982409e-07,1.68281879970856e-05,4.77121797981141e-05,4.05530443604774e-05,2.14655002693447e-05,1.46994870629211e-05,1.97381525847018e-05,2.38634427784252e-05,8.99062649093388e-06,3.65329760909653e-07,5.54148769489687e-10,1.32360961311601e-14,8.08936302306747e-21,3.60784656900837e-28,3.35530558414592e-36,1.85924810621212e-44,1.67624443834132e-52,3.69266345241057e-60,1.95705371806635e-67,2.43518695358994e-74,6.94279459501848e-81
"63",6.39320819918151e-72,5.798156679399e-71,5.20840554059555e-70,4.63515199471272e-69,4.08759732301003e-68,3.57300371862991e-67,3.10187059496589e-66,2.68633832009459e-65,2.3315612332824e-64,2.03743749552698e-63,1.80085209327321e-62,1.62044961512738e-61,1.50067944786533e-60,1.44693394024922e-59,1.46937040886709e-58,1.58982434145134e-57,1.859549905405e-56,2.41585722852219e-55,3.59372098371499e-54,6.31003911211025e-53,1.34815334418374e-51,3.62167778834381e-50,1.28747659657361e-48,6.42833013086839e-47,4.78493903445869e-45,5.63591151259365e-43,1.11582203402226e-40,3.99222371419788e-38,2.80105364240655e-35,4.18329523347735e-32,1.44347761755837e-28,1.2382971282499e-24,2.04145460788346e-20,3.26662118714983e-16,2.49155542363071e-12,4.44860255775844e-09,9.1514220794339e-07,1.60927659013774e-05,4.36244941183544e-05,3.69194207088188e-05,1.97547381702864e-05,1.35346183743447e-05,1.77541455905568e-05,2.11316984635351e-05,8.23987856646002e-06,3.80040524588521e-07,7.48570330630562e-10,2.73808694841576e-14,2.87144087403949e-20,2.26146073733287e-27,3.50975425852061e-35,2.81659759098239e-43,2.94506889424145e-51,5.92567246985672e-59,2.32368061992822e-66,1.78441064972715e-73,2.69634664118448e-80
"64",1.10926082206987e-76,1.55025760371733e-75,2.14097622955738e-74,2.91868592972389e-73,3.92337834843367e-72,5.19494765970892e-71,6.78429605916226e-70,8.77822830372351e-69,1.13076164974419e-67,1.45707210343561e-66,1.88722622204891e-65,2.47482718189586e-64,3.32908340994253e-63,4.65818072572671e-62,6.87500193122095e-61,1.08529330088127e-59,1.86393026466358e-58,3.58889437286652e-57,8.01072850259748e-56,2.14336196306016e-54,7.10825575227564e-53,3.02659960899716e-51,1.7365278910286e-49,1.41775663684864e-47,1.73935132206433e-45,3.38618898927952e-43,1.10436436444541e-40,6.34020282921886e-38,6.70842460431125e-35,1.36949424474114e-31,5.64700027929366e-28,4.88616991878727e-24,6.89028103588318e-20,8.45815704986462e-16,4.71008387981628e-12,6.20067936596766e-09,1.007749267118e-06,1.55083244238548e-05,3.98264214881753e-05,3.35323210602681e-05,1.81858568572862e-05,1.24816766706717e-05,1.59458362172969e-05,1.86298456276485e-05,7.54360252307629e-06,4.01213852208118e-07,1.06223502946677e-09,6.30993615311722e-14,1.23546290693551e-19,1.91751158261316e-26,5.68283204077706e-34,7.74685066820739e-42,1.12872629290983e-49,2.54024497489587e-57,9.12587433289049e-65,5.37048903060701e-72,5.31278441168053e-79
"65",1.43439611335801e-81,3.21964924328672e-80,7.12831181073759e-79,1.55344687731897e-77,3.32529851842332e-76,6.97762011625729e-75,1.43626566743995e-73,2.91344758361397e-72,5.85257102389608e-71,1.16997158021644e-69,2.33894156725823e-68,4.71275481510832e-67,9.71362270892513e-66,2.08077252635776e-64,4.70642395653447e-63,1.14200138791684e-61,3.02941602023158e-60,9.06896572168174e-59,3.1734144613011e-57,1.34440361410459e-55,7.14216748078551e-54,4.93332249191041e-52,4.63019339845981e-50,6.19347832013273e-48,1.23845504710237e-45,3.88302582291179e-43,1.9999495381849e-40,1.74079538640403e-37,2.59742496439616e-34,6.73643835546377e-31,3.07918064417672e-27,2.49865264653056e-23,2.81780679803921e-19,2.49951505921606e-15,9.66195274722612e-12,9.01704121390184e-09,1.12775513032539e-06,1.4989772169443e-05,3.63358176502944e-05,3.0490136972687e-05,1.68109862801043e-05,1.15600726401283e-05,1.43109596582533e-05,1.63191859860421e-05,6.86124031258078e-06,4.2572978666582e-07,1.56043461459065e-09,1.58735345649497e-13,6.2744929014603e-19,2.12791081008636e-25,1.36914287602537e-32,3.69585944214613e-40,8.96599350520792e-48,2.75388089615615e-55,1.12226426883199e-62,6.31957352458181e-70,5.12109063297397e-77
"66",1.39133359626322e-86,5.23975819648952e-85,1.94391960463948e-83,7.08469248442964e-82,2.52946065920268e-80,8.8229748513606e-79,3.00747630615199e-77,1.00636601511339e-75,3.32187188287856e-74,1.08689992266917e-72,3.5423160871525e-71,1.15932728650981e-69,3.87147318318221e-68,1.34192217228943e-66,4.91121223490379e-65,1.93058888102819e-63,8.31582949767335e-62,4.05296123006263e-60,2.31534609229887e-58,1.60605896539616e-56,1.40131141764543e-54,1.59372281666359e-52,2.45491016699021e-50,5.3281930894408e-48,1.69521814598882e-45,8.22530987539696e-43,6.32040992893436e-40,7.76835412008307e-37,1.5095740287973e-33,4.58169271501001e-30,2.14559700029746e-26,1.52286484964877e-22,1.29669767283612e-18,7.9415637958459e-15,2.05940398802263e-11,1.33113954904031e-08,1.2647356416424e-06,1.4462352292817e-05,3.3154199354512e-05,2.78475239091962e-05,1.56628598810099e-05,1.07815039341743e-05,1.28445706288938e-05,1.41783013346199e-05,6.16817177886342e-06,4.49862347437749e-07,2.33968310295187e-09,4.27352270842519e-13,3.66472583488992e-18,2.99168624340754e-24,4.72067284248426e-31,2.92347436803765e-38,1.40327672966131e-45,7.15129525112301e-53,4.09334767579978e-60,2.76900017203385e-67,2.32924751140012e-74
"67",1.01682594988957e-91,6.72354680791378e-90,4.37697220924397e-88,2.79629445154126e-86,1.74757562504005e-84,1.06505349335725e-82,6.32949759404967e-81,3.68391397193866e-79,2.10967871878556e-77,1.19430140761555e-75,6.71477527436684e-74,3.77997435492789e-72,2.16560636816964e-70,1.28505375960099e-68,8.03770380514548e-67,5.39298781623436e-65,3.96046430796909e-63,3.28339519987554e-61,3.17866608936149e-59,3.717026561272e-57,5.43074907893076e-55,1.0251728177246e-52,2.57997620271958e-50,8.92244136683755e-48,4.37085931498595e-45,3.12630117681859e-42,3.35805751395167e-39,5.38865107136396e-36,1.25227839228729e-32,4.08271733150891e-29,1.80893952824389e-25,1.0501075992481e-21,6.41146279087172e-18,2.61122081916448e-14,4.42998261333889e-11,1.9549749278905e-08,1.40369058645882e-06,1.38342434360145e-05,3.01706583176941e-05,2.55439726568887e-05,1.47297477726674e-05,1.01492451318997e-05,1.15605230899131e-05,1.2248340684222e-05,5.48895063102034e-06,4.73118524203193e-07,3.5667724812093e-09,1.22077507709229e-12,2.42646493075839e-17,5.21935599127115e-23,2.26690942612723e-29,3.70933091041034e-36,4.16574895982194e-43,4.26884502499135e-50,4.24845641566055e-57,4.35020247732398e-64,4.85511299401377e-71
"68",5.61257113163919e-97,6.82709449231738e-95,8.17708287763912e-93,9.61159991616513e-91,1.10503018187717e-88,1.2385327449938e-86,1.35291826281004e-84,1.44605967406655e-82,1.51883719035023e-80,1.57436832568917e-78,1.61747007252007e-76,1.65975235184559e-74,1.72827125378777e-72,1.85757466440672e-70,2.09628629365828e-68,2.52655663405143e-66,3.31530486864578e-64,4.87233103192286e-62,8.27023070140339e-60,1.67191667589975e-57,4.1512266691527e-55,1.30433012019328e-52,5.30938596680639e-50,2.85795185547324e-47,2.07644551328468e-44,2.07846336703568e-41,2.91884863363081e-38,5.65309846488921e-35,1.44413932325912e-31,4.65058765247301e-28,1.8043110144031e-24,8.02779514830988e-21,3.34399400303875e-17,8.73846871079483e-14,9.47482182777583e-11,2.81927780538567e-08,1.52487276068205e-06,1.30060173589287e-05,2.72120861176888e-05,2.34480591760081e-05,1.39701251362194e-05,9.66189374565945e-06,1.04819569594167e-05,1.05929594386775e-05,4.87455702578358e-06,4.99279801373819e-07,5.56406147939537e-09,3.71002590471629e-12,1.81632200110308e-16,1.11984375675728e-21,1.49304234240808e-27,7.39159786348088e-34,2.28648674331959e-40,5.69529240042859e-47,1.21934014503789e-53,2.38572771936608e-60,4.53554716043354e-67
"69",2.34523002637386e-102,5.50478997796783e-100,1.27355633840111e-97,2.89469642338545e-95,6.44288973778023e-93,1.39978526547343e-90,2.96714919464919e-88,6.15723292339898e-86,1.2554464540522e-83,2.52450013800298e-81,5.02481336463951e-79,9.96794218688732e-77,1.99936539742612e-74,4.11833979427696e-72,8.84785062769553e-70,2.01363729525486e-67,4.93876457701093e-65,1.33742992255179e-62,4.10457580331937e-60,1.46534189259413e-57,6.24614406725393e-55,3.25885495364002e-52,2.11278768761245e-49,1.72025295533172e-46,1.77775417946797e-43,2.356629749406e-40,4.04081830505452e-37,8.73289386264332e-34,2.25713238769223e-30,6.61547992794986e-27,2.08481073145514e-23,6.67606819271425e-20,1.80837013934822e-16,2.92991226931589e-13,1.98628753158244e-10,3.94157061625278e-08,1.60368157745286e-06,1.19115479659209e-05,2.41708554138847e-05,2.14594534895144e-05,1.33498744860961e-05,9.31957656090531e-06,9.61944315554583e-06,9.23602840595999e-06,4.35665643775816e-06,5.33218541850627e-07,8.94318469352014e-09,1.20330708526948e-11,1.53367954851278e-15,2.92995642693453e-20,1.32884190039909e-25,2.26614823734254e-31,2.26322674563189e-37,1.65212275036183e-43,9.40965897059132e-50,4.4487584126055e-56,1.85760412176696e-62
"70",7.4357682734816e-108,3.53695894251052e-105,1.66149525927282e-102,7.68508345492927e-100,3.48974698154429e-97,1.55121271210042e-94,6.74532567202022e-92,2.87678229710938e-89,1.20672372193925e-86,4.99263424878719e-84,2.04315275659045e-81,8.31594563301705e-79,3.40674064438923e-76,1.42288201012757e-73,6.13743421447123e-71,2.76935553955822e-68,1.32559637688597e-65,6.85778090203895e-63,3.9113897468024e-60,2.50893412280231e-57,1.84626309917848e-54,1.58748826669564e-51,1.60540584425063e-48,1.91158958438419e-45,2.68290512941988e-42,4.44305986092812e-39,8.6739142076523e-36,1.93421463170266e-32,4.66146792159492e-29,1.14807354656431e-25,2.73241195067993e-22,5.92623963836634e-19,9.96657965985445e-16,9.6889077810616e-13,4.02354341521737e-10,5.27462020091385e-08,1.61494119748266e-06,1.05339088823511e-05,2.10086266532638e-05,1.9507445330365e-05,1.28415406360221e-05,9.12571289757875e-06,8.97709556642197e-06,8.17564474831373e-06,3.95187463321271e-06,5.81242223858196e-07,1.49128918942274e-08,4.1783117927128e-11,1.45759218025833e-14,9.26940123311105e-19,1.57468350361261e-23,1.04714373214841e-28,3.94029915201516e-34,1.01374782663865e-39,1.89842015055036e-45,2.74754574771735e-51,3.26299395063183e-57
"71",NA,NA,NA,NA,NA,NA,NA,NA,NA,NA,NA,NA,NA,NA,NA,NA,NA,NA,NA,NA,NA,NA,NA,NA,NA,NA,NA,NA,NA,NA,NA,NA,NA,NA,NA,NA,NA,NA,NA,NA,NA,NA,NA,NA,NA,NA,NA,NA,NA,NA,NA,NA,NA,NA,NA,NA,NA
"72",NA,NA,NA,NA,NA,NA,NA,NA,NA,NA,NA,NA,NA,NA,NA,NA,NA,NA,NA,NA,NA,NA,NA,NA,NA,NA,NA,NA,NA,NA,NA,NA,NA,NA,NA,NA,NA,NA,NA,NA,NA,NA,NA,NA,NA,NA,NA,NA,NA,NA,NA,NA,NA,NA,NA,NA,NA
"73",NA,NA,NA,NA,NA,NA,NA,NA,NA,NA,NA,NA,NA,NA,NA,NA,NA,NA,NA,NA,NA,NA,NA,NA,NA,NA,NA,NA,NA,NA,NA,NA,NA,NA,NA,NA,NA,NA,NA,NA,NA,NA,NA,NA,NA,NA,NA,NA,NA,NA,NA,NA,NA,NA,NA,NA,NA
"74",NA,NA,NA,NA,NA,NA,NA,NA,NA,NA,NA,NA,NA,NA,NA,NA,NA,NA,NA,NA,NA,NA,NA,NA,NA,NA,NA,NA,NA,NA,NA,NA,NA,NA,NA,NA,NA,NA,NA,NA,NA,NA,NA,NA,NA,NA,NA,NA,NA,NA,NA,NA,NA,NA,NA,NA,NA
"75",NA,NA,NA,NA,NA,NA,NA,NA,NA,NA,NA,NA,NA,NA,NA,NA,NA,NA,NA,NA,NA,NA,NA,NA,NA,NA,NA,NA,NA,NA,NA,NA,NA,NA,NA,NA,NA,NA,NA,NA,NA,NA,NA,NA,NA,NA,NA,NA,NA,NA,NA,NA,NA,NA,NA,NA,NA
"76",NA,NA,NA,NA,NA,NA,NA,NA,NA,NA,NA,NA,NA,NA,NA,NA,NA,NA,NA,NA,NA,NA,NA,NA,NA,NA,NA,NA,NA,NA,NA,NA,NA,NA,NA,NA,NA,NA,NA,NA,NA,NA,NA,NA,NA,NA,NA,NA,NA,NA,NA,NA,NA,NA,NA,NA,NA
"77",NA,NA,NA,NA,NA,NA,NA,NA,NA,NA,NA,NA,NA,NA,NA,NA,NA,NA,NA,NA,NA,NA,NA,NA,NA,NA,NA,NA,NA,NA,NA,NA,NA,NA,NA,NA,NA,NA,NA,NA,NA,NA,NA,NA,NA,NA,NA,NA,NA,NA,NA,NA,NA,NA,NA,NA,NA
"78",NA,NA,NA,NA,NA,NA,NA,NA,NA,NA,NA,NA,NA,NA,NA,NA,NA,NA,NA,NA,NA,NA,NA,NA,NA,NA,NA,NA,NA,NA,NA,NA,NA,NA,NA,NA,NA,NA,NA,NA,NA,NA,NA,NA,NA,NA,NA,NA,NA,NA,NA,NA,NA,NA,NA,NA,NA
"79",NA,NA,NA,NA,NA,NA,NA,NA,NA,NA,NA,NA,NA,NA,NA,NA,NA,NA,NA,NA,NA,NA,NA,NA,NA,NA,NA,NA,NA,NA,NA,NA,NA,NA,NA,NA,NA,NA,NA,NA,NA,NA,NA,NA,NA,NA,NA,NA,NA,NA,NA,NA,NA,NA,NA,NA,NA
"80",NA,NA,NA,NA,NA,NA,NA,NA,NA,NA,NA,NA,NA,NA,NA,NA,NA,NA,NA,NA,NA,NA,NA,NA,NA,NA,NA,NA,NA,NA,NA,NA,NA,NA,NA,NA,NA,NA,NA,NA,NA,NA,NA,NA,NA,NA,NA,NA,NA,NA,NA,NA,NA,NA,NA,NA,NA
"81",NA,NA,NA,NA,NA,NA,NA,NA,NA,NA,NA,NA,NA,NA,NA,NA,NA,NA,NA,NA,NA,NA,NA,NA,NA,NA,NA,NA,NA,NA,NA,NA,NA,NA,NA,NA,NA,NA,NA,NA,NA,NA,NA,NA,NA,NA,NA,NA,NA,NA,NA,NA,NA,NA,NA,NA,NA
"82",NA,NA,NA,NA,NA,NA,NA,NA,NA,NA,NA,NA,NA,NA,NA,NA,NA,NA,NA,NA,NA,NA,NA,NA,NA,NA,NA,NA,NA,NA,NA,NA,NA,NA,NA,NA,NA,NA,NA,NA,NA,NA,NA,NA,NA,NA,NA,NA,NA,NA,NA,NA,NA,NA,NA,NA,NA
"83",NA,NA,NA,NA,NA,NA,NA,NA,NA,NA,NA,NA,NA,NA,NA,NA,NA,NA,NA,NA,NA,NA,NA,NA,NA,NA,NA,NA,NA,NA,NA,NA,NA,NA,NA,NA,NA,NA,NA,NA,NA,NA,NA,NA,NA,NA,NA,NA,NA,NA,NA,NA,NA,NA,NA,NA,NA
"84",NA,NA,NA,NA,NA,NA,NA,NA,NA,NA,NA,NA,NA,NA,NA,NA,NA,NA,NA,NA,NA,NA,NA,NA,NA,NA,NA,NA,NA,NA,NA,NA,NA,NA,NA,NA,NA,NA,NA,NA,NA,NA,NA,NA,NA,NA,NA,NA,NA,NA,NA,NA,NA,NA,NA,NA,NA
"85",NA,NA,NA,NA,NA,NA,NA,NA,NA,NA,NA,NA,NA,NA,NA,NA,NA,NA,NA,NA,NA,NA,NA,NA,NA,NA,NA,NA,NA,NA,NA,NA,NA,NA,NA,NA,NA,NA,NA,NA,NA,NA,NA,NA,NA,NA,NA,NA,NA,NA,NA,NA,NA,NA,NA,NA,NA
"86",NA,NA,NA,NA,NA,NA,NA,NA,NA,NA,NA,NA,NA,NA,NA,NA,NA,NA,NA,NA,NA,NA,NA,NA,NA,NA,NA,NA,NA,NA,NA,NA,NA,NA,NA,NA,NA,NA,NA,NA,NA,NA,NA,NA,NA,NA,NA,NA,NA,NA,NA,NA,NA,NA,NA,NA,NA
"87",NA,NA,NA,NA,NA,NA,NA,NA,NA,NA,NA,NA,NA,NA,NA,NA,NA,NA,NA,NA,NA,NA,NA,NA,NA,NA,NA,NA,NA,NA,NA,NA,NA,NA,NA,NA,NA,NA,NA,NA,NA,NA,NA,NA,NA,NA,NA,NA,NA,NA,NA,NA,NA,NA,NA,NA,NA
"88",NA,NA,NA,NA,NA,NA,NA,NA,NA,NA,NA,NA,NA,NA,NA,NA,NA,NA,NA,NA,NA,NA,NA,NA,NA,NA,NA,NA,NA,NA,NA,NA,NA,NA,NA,NA,NA,NA,NA,NA,NA,NA,NA,NA,NA,NA,NA,NA,NA,NA,NA,NA,NA,NA,NA,NA,NA
"89",NA,NA,NA,NA,NA,NA,NA,NA,NA,NA,NA,NA,NA,NA,NA,NA,NA,NA,NA,NA,NA,NA,NA,NA,NA,NA,NA,NA,NA,NA,NA,NA,NA,NA,NA,NA,NA,NA,NA,NA,NA,NA,NA,NA,NA,NA,NA,NA,NA,NA,NA,NA,NA,NA,NA,NA,NA
"90",NA,NA,NA,NA,NA,NA,NA,NA,NA,NA,NA,NA,NA,NA,NA,NA,NA,NA,NA,NA,NA,NA,NA,NA,NA,NA,NA,NA,NA,NA,NA,NA,NA,NA,NA,NA,NA,NA,NA,NA,NA,NA,NA,NA,NA,NA,NA,NA,NA,NA,NA,NA,NA,NA,NA,NA,NA
"91",NA,NA,NA,NA,NA,NA,NA,NA,NA,NA,NA,NA,NA,NA,NA,NA,NA,NA,NA,NA,NA,NA,NA,NA,NA,NA,NA,NA,NA,NA,NA,NA,NA,NA,NA,NA,NA,NA,NA,NA,NA,NA,NA,NA,NA,NA,NA,NA,NA,NA,NA,NA,NA,NA,NA,NA,NA
"92",NA,NA,NA,NA,NA,NA,NA,NA,NA,NA,NA,NA,NA,NA,NA,NA,NA,NA,NA,NA,NA,NA,NA,NA,NA,NA,NA,NA,NA,NA,NA,NA,NA,NA,NA,NA,NA,NA,NA,NA,NA,NA,NA,NA,NA,NA,NA,NA,NA,NA,NA,NA,NA,NA,NA,NA,NA
"93",NA,NA,NA,NA,NA,NA,NA,NA,NA,NA,NA,NA,NA,NA,NA,NA,NA,NA,NA,NA,NA,NA,NA,NA,NA,NA,NA,NA,NA,NA,NA,NA,NA,NA,NA,NA,NA,NA,NA,NA,NA,NA,NA,NA,NA,NA,NA,NA,NA,NA,NA,NA,NA,NA,NA,NA,NA
"94",NA,NA,NA,NA,NA,NA,NA,NA,NA,NA,NA,NA,NA,NA,NA,NA,NA,NA,NA,NA,NA,NA,NA,NA,NA,NA,NA,NA,NA,NA,NA,NA,NA,NA,NA,NA,NA,NA,NA,NA,NA,NA,NA,NA,NA,NA,NA,NA,NA,NA,NA,NA,NA,NA,NA,NA,NA
"95",NA,NA,NA,NA,NA,NA,NA,NA,NA,NA,NA,NA,NA,NA,NA,NA,NA,NA,NA,NA,NA,NA,NA,NA,NA,NA,NA,NA,NA,NA,NA,NA,NA,NA,NA,NA,NA,NA,NA,NA,NA,NA,NA,NA,NA,NA,NA,NA,NA,NA,NA,NA,NA,NA,NA,NA,NA
"96",NA,NA,NA,NA,NA,NA,NA,NA,NA,NA,NA,NA,NA,NA,NA,NA,NA,NA,NA,NA,NA,NA,NA,NA,NA,NA,NA,NA,NA,NA,NA,NA,NA,NA,NA,NA,NA,NA,NA,NA,NA,NA,NA,NA,NA,NA,NA,NA,NA,NA,NA,NA,NA,NA,NA,NA,NA
"97",NA,NA,NA,NA,NA,NA,NA,NA,NA,NA,NA,NA,NA,NA,NA,NA,NA,NA,NA,NA,NA,NA,NA,NA,NA,NA,NA,NA,NA,NA,NA,NA,NA,NA,NA,NA,NA,NA,NA,NA,NA,NA,NA,NA,NA,NA,NA,NA,NA,NA,NA,NA,NA,NA,NA,NA,NA
"98",NA,NA,NA,NA,NA,NA,NA,NA,NA,NA,NA,NA,NA,NA,NA,NA,NA,NA,NA,NA,NA,NA,NA,NA,NA,NA,NA,NA,NA,NA,NA,NA,NA,NA,NA,NA,NA,NA,NA,NA,NA,NA,NA,NA,NA,NA,NA,NA,NA,NA,NA,NA,NA,NA,NA,NA,NA
"99",NA,NA,NA,NA,NA,NA,NA,NA,NA,NA,NA,NA,NA,NA,NA,NA,NA,NA,NA,NA,NA,NA,NA,NA,NA,NA,NA,NA,NA,NA,NA,NA,NA,NA,NA,NA,NA,NA,NA,NA,NA,NA,NA,NA,NA,NA,NA,NA,NA,NA,NA,NA,NA,NA,NA,NA,NA
"100",NA,NA,NA,NA,NA,NA,NA,NA,NA,NA,NA,NA,NA,NA,NA,NA,NA,NA,NA,NA,NA,NA,NA,NA,NA,NA,NA,NA,NA,NA,NA,NA,NA,NA,NA,NA,NA,NA,NA,NA,NA,NA,NA,NA,NA,NA,NA,NA,NA,NA,NA,NA,NA,NA,NA,NA,NA
"101",NA,NA,NA,NA,NA,NA,NA,NA,NA,NA,NA,NA,NA,NA,NA,NA,NA,NA,NA,NA,NA,NA,NA,NA,NA,NA,NA,NA,NA,NA,NA,NA,NA,NA,NA,NA,NA,NA,NA,NA,NA,NA,NA,NA,NA,NA,NA,NA,NA,NA,NA,NA,NA,NA,NA,NA,NA
"102",NA,NA,NA,NA,NA,NA,NA,NA,NA,NA,NA,NA,NA,NA,NA,NA,NA,NA,NA,NA,NA,NA,NA,NA,NA,NA,NA,NA,NA,NA,NA,NA,NA,NA,NA,NA,NA,NA,NA,NA,NA,NA,NA,NA,NA,NA,NA,NA,NA,NA,NA,NA,NA,NA,NA,NA,NA
"103",NA,NA,NA,NA,NA,NA,NA,NA,NA,NA,NA,NA,NA,NA,NA,NA,NA,NA,NA,NA,NA,NA,NA,NA,NA,NA,NA,NA,NA,NA,NA,NA,NA,NA,NA,NA,NA,NA,NA,NA,NA,NA,NA,NA,NA,NA,NA,NA,NA,NA,NA,NA,NA,NA,NA,NA,NA
"104",NA,NA,NA,NA,NA,NA,NA,NA,NA,NA,NA,NA,NA,NA,NA,NA,NA,NA,NA,NA,NA,NA,NA,NA,NA,NA,NA,NA,NA,NA,NA,NA,NA,NA,NA,NA,NA,NA,NA,NA,NA,NA,NA,NA,NA,NA,NA,NA,NA,NA,NA,NA,NA,NA,NA,NA,NA
"105",NA,NA,NA,NA,NA,NA,NA,NA,NA,NA,NA,NA,NA,NA,NA,NA,NA,NA,NA,NA,NA,NA,NA,NA,NA,NA,NA,NA,NA,NA,NA,NA,NA,NA,NA,NA,NA,NA,NA,NA,NA,NA,NA,NA,NA,NA,NA,NA,NA,NA,NA,NA,NA,NA,NA,NA,NA
"106",NA,NA,NA,NA,NA,NA,NA,NA,NA,NA,NA,NA,NA,NA,NA,NA,NA,NA,NA,NA,NA,NA,NA,NA,NA,NA,NA,NA,NA,NA,NA,NA,NA,NA,NA,NA,NA,NA,NA,NA,NA,NA,NA,NA,NA,NA,NA,NA,NA,NA,NA,NA,NA,NA,NA,NA,NA
"107",NA,NA,NA,NA,NA,NA,NA,NA,NA,NA,NA,NA,NA,NA,NA,NA,NA,NA,NA,NA,NA,NA,NA,NA,NA,NA,NA,NA,NA,NA,NA,NA,NA,NA,NA,NA,NA,NA,NA,NA,NA,NA,NA,NA,NA,NA,NA,NA,NA,NA,NA,NA,NA,NA,NA,NA,NA
"108",NA,NA,NA,NA,NA,NA,NA,NA,NA,NA,NA,NA,NA,NA,NA,NA,NA,NA,NA,NA,NA,NA,NA,NA,NA,NA,NA,NA,NA,NA,NA,NA,NA,NA,NA,NA,NA,NA,NA,NA,NA,NA,NA,NA,NA,NA,NA,NA,NA,NA,NA,NA,NA,NA,NA,NA,NA
"109",NA,NA,NA,NA,NA,NA,NA,NA,NA,NA,NA,NA,NA,NA,NA,NA,NA,NA,NA,NA,NA,NA,NA,NA,NA,NA,NA,NA,NA,NA,NA,NA,NA,NA,NA,NA,NA,NA,NA,NA,NA,NA,NA,NA,NA,NA,NA,NA,NA,NA,NA,NA,NA,NA,NA,NA,NA
"110",NA,NA,NA,NA,NA,NA,NA,NA,NA,NA,NA,NA,NA,NA,NA,NA,NA,NA,NA,NA,NA,NA,NA,NA,NA,NA,NA,NA,NA,NA,NA,NA,NA,NA,NA,NA,NA,NA,NA,NA,NA,NA,NA,NA,NA,NA,NA,NA,NA,NA,NA,NA,NA,NA,NA,NA,NA
