sex,year,age,mean_ghq
female,1991,15,1
female,1991,16,1.1285714285714286
female,1991,17,1.5970149253731343
female,1991,18,1.9189189189189189
female,1991,19,2.010989010989011
female,1991,20,1.8428571428571427
female,1991,21,2.5568181818181817
female,1991,22,1.8297872340425532
female,1991,23,1.9183673469387754
female,1991,24,2.4651162790697674
female,1991,25,1.4854368932038835
female,1991,26,1.9024390243902438
female,1991,27,1.9019607843137254
female,1991,28,2.4403669724770642
female,1991,29,1.7927927927927927
female,1991,30,2.327731092436975
female,1991,31,1.9814814814814814
female,1991,32,2.2
female,1991,33,1.83
female,1991,34,2.0113636363636362
female,1991,35,1.88
female,1991,36,2.037037037037037
female,1991,37,1.4827586206896552
female,1991,38,1.6375
female,1991,39,1.4631578947368422
female,1991,40,2.219047619047619
female,1991,41,2.2
female,1991,42,2.18018018018018
female,1991,43,2.607843137254902
female,1991,44,1.8956521739130434
female,1991,45,1.7685185185185186
female,1991,46,1.8043478260869565
female,1991,47,2.2
female,1991,48,2.2028985507246377
female,1991,49,1.8352941176470587
female,1991,50,1.3026315789473684
female,1991,51,1.8571428571428572
female,1991,52,2.1194029850746268
female,1991,53,1.8032786885245902
female,1991,54,1.875
female,1991,55,2.3529411764705883
female,1991,56,1.9726027397260273
female,1991,57,1.576271186440678
female,1991,58,1.7291666666666667
female,1991,59,1.4133333333333333
female,1991,60,1.7241379310344827
female,1991,61,1.4666666666666666
female,1991,62,1.4126984126984128
female,1991,63,1.3114754098360655
female,1991,64,1.4523809523809523
female,1991,65,1.2941176470588236
female,1991,66,1.6575342465753424
female,1991,67,1.5774647887323943
female,1991,68,1.4788732394366197
female,1991,69,2.1176470588235294
female,1991,70,2.1343283582089554
female,1991,71,1.547945205479452
female,1991,72,1.9565217391304348
female,1991,73,1.7878787878787878
female,1991,74,1.6875
female,1991,75,2.4615384615384617
female,1991,76,1.9696969696969697
female,1991,77,2.156862745098039
female,1991,78,1.9285714285714286
female,1991,79,1.5142857142857142
female,1991,80,2.3076923076923075
female,1991,81,1.7692307692307692
female,1991,82,2.3181818181818183
female,1991,83,2.7916666666666665
female,1991,84,2.4285714285714284
female,1991,85,2.65
female,1991,86,2.642857142857143
female,1991,87,1
female,1991,88,2.75
female,1991,89,2.625
female,1991,90,2
female,1991,91,1.5
female,1991,92,1
female,1991,93,1
female,1991,96,4.5
female,1992,15,1.6842105263157894
female,1992,16,1.5657894736842106
female,1992,17,1.8656716417910448
female,1992,18,1.8309859154929577
female,1992,19,1.8780487804878048
female,1992,20,2.086021505376344
female,1992,21,2.25974025974026
female,1992,22,2.6288659793814433
female,1992,23,1.9775280898876404
female,1992,24,2.0309278350515463
female,1992,25,2.2555555555555555
female,1992,26,2.1401869158878504
female,1992,27,2.188976377952756
female,1992,28,1.9223300970873787
female,1992,29,2.196261682242991
female,1992,30,2.2242990654205608
female,1992,31,2.5309734513274336
female,1992,32,2.542056074766355
female,1992,33,2.174757281553398
female,1992,34,2.0114942528735633
female,1992,35,2.573170731707317
female,1992,36,2.1944444444444446
female,1992,37,2.6842105263157894
female,1992,38,2.3734939759036147
female,1992,39,2.4743589743589745
female,1992,40,2.023529411764706
female,1992,41,2.515463917525773
female,1992,42,2.2527472527472527
female,1992,43,2.136842105263158
female,1992,44,2.3541666666666665
female,1992,45,2.5904761904761906
female,1992,46,2.080808080808081
female,1992,47,1.9583333333333333
female,1992,48,2.1866666666666665
female,1992,49,2.9411764705882355
female,1992,50,2.1066666666666665
female,1992,51,1.8333333333333333
female,1992,52,1.9830508474576272
female,1992,53,1.671641791044776
female,1992,54,1.9814814814814814
female,1992,55,2.2115384615384617
female,1992,56,2.581818181818182
female,1992,57,1.9538461538461538
female,1992,58,2.1176470588235294
female,1992,59,1.38
female,1992,60,1.044776119402985
female,1992,61,1.1153846153846154
female,1992,62,1.54
female,1992,63,1.1016949152542372
female,1992,64,1.4705882352941178
female,1992,65,1.6222222222222222
female,1992,66,1.087719298245614
female,1992,67,1.8082191780821917
female,1992,68,1.2372881355932204
female,1992,69,2.2058823529411766
female,1992,70,2.108695652173913
female,1992,71,2.0606060606060606
female,1992,72,1.3181818181818181
female,1992,73,3.051282051282051
female,1992,74,1.5862068965517242
female,1992,75,1.5952380952380953
female,1992,76,3.5294117647058822
female,1992,77,2.787878787878788
female,1992,78,1.9230769230769231
female,1992,79,1.875
female,1992,80,2.4857142857142858
female,1992,81,1.44
female,1992,82,2.5172413793103448
female,1992,83,2.1052631578947367
female,1992,84,2
female,1992,85,2.466666666666667
female,1992,86,1.8823529411764706
female,1992,87,2.857142857142857
female,1992,88,2
female,1992,89,1.3333333333333333
female,1992,90,1
female,1992,91,0.5
female,1992,92,0
female,1992,93,5
female,1992,94,1
female,1992,97,7
female,1993,15,1.4545454545454546
female,1993,16,1.5890410958904109
female,1993,17,1.794871794871795
female,1993,18,1.5833333333333333
female,1993,19,2.0256410256410255
female,1993,20,1.9772727272727273
female,1993,21,2.2526315789473683
female,1993,22,2.057471264367816
female,1993,23,2.4945054945054945
female,1993,24,2.023529411764706
female,1993,25,2.3092783505154637
female,1993,26,1.7849462365591398
female,1993,27,1.7448979591836735
female,1993,28,1.8888888888888888
female,1993,29,2.176470588235294
female,1993,30,2.4444444444444446
female,1993,31,1.9191919191919191
female,1993,32,2.601769911504425
female,1993,33,2.9690721649484537
female,1993,34,2.0606060606060606
female,1993,35,2.0930232558139537
female,1993,36,2
female,1993,37,1.894736842105263
female,1993,38,2.7866666666666666
female,1993,39,2.551282051282051
female,1993,40,2.7051282051282053
female,1993,41,2.2409638554216866
female,1993,42,2.4125
female,1993,43,2.0952380952380953
female,1993,44,1.6666666666666667
female,1993,45,2.4725274725274726
female,1993,46,2.8556701030927836
female,1993,47,2.396039603960396
female,1993,48,2.4065934065934065
female,1993,49,2.8857142857142857
female,1993,50,2.4857142857142858
female,1993,51,2.643835616438356
female,1993,52,1.7540983606557377
female,1993,53,2.0555555555555554
female,1993,54,1.3728813559322033
female,1993,55,2.5892857142857144
female,1993,56,1.62
female,1993,57,2.3181818181818183
female,1993,58,2.234375
female,1993,59,2.2888888888888888
female,1993,60,2.142857142857143
female,1993,61,1.492063492063492
female,1993,62,1.5490196078431373
female,1993,63,1.7450980392156863
female,1993,64,1.3333333333333333
female,1993,65,1.1886792452830188
female,1993,66,1.7142857142857142
female,1993,67,2.074074074074074
female,1993,68,2.057142857142857
female,1993,69,1.9285714285714286
female,1993,70,1.896551724137931
female,1993,71,1.4210526315789473
female,1993,72,2.3220338983050848
female,1993,73,1.8448275862068966
female,1993,74,2.2941176470588234
female,1993,75,2
female,1993,76,2.05
female,1993,77,3.433333333333333
female,1993,78,3.423076923076923
female,1993,79,1.763157894736842
female,1993,80,2.21875
female,1993,81,2.033333333333333
female,1993,82,3.4285714285714284
female,1993,83,2.3333333333333335
female,1993,84,1.6875
female,1993,85,3.6
female,1993,86,3.5833333333333335
female,1993,87,1.5833333333333333
female,1993,88,5.5
female,1993,89,1.6666666666666667
female,1993,90,4
female,1993,91,3.75
female,1993,92,0
female,1993,93,0.5
female,1993,94,NaN
female,1993,95,NaN
female,1994,15,1.1111111111111112
female,1994,16,1.9746835443037976
female,1994,17,2.2162162162162162
female,1994,18,2.272727272727273
female,1994,19,1.5263157894736843
female,1994,20,2.0253164556962027
female,1994,21,2.55
female,1994,22,1.9673913043478262
female,1994,23,1.75
female,1994,24,2.5444444444444443
female,1994,25,1.875
female,1994,26,2.5319148936170213
female,1994,27,1.7303370786516854
female,1994,28,1.4757281553398058
female,1994,29,2.7916666666666665
female,1994,30,2.41
female,1994,31,2.5825242718446604
female,1994,32,2.57
female,1994,33,2.317757009345794
female,1994,34,2.5096153846153846
female,1994,35,1.903225806451613
female,1994,36,1.9101123595505618
female,1994,37,2.0126582278481013
female,1994,38,2.12
female,1994,39,2.5774647887323945
female,1994,40,1.7804878048780488
female,1994,41,2.1449275362318843
female,1994,42,2.3205128205128207
female,1994,43,2.2872340425531914
female,1994,44,2.1411764705882352
female,1994,45,2.340659340659341
female,1994,46,2.359550561797753
female,1994,47,2.9270833333333335
female,1994,48,2.1333333333333333
female,1994,49,2.404255319148936
female,1994,50,2.2266666666666666
female,1994,51,2.3174603174603177
female,1994,52,2.5657894736842106
female,1994,53,2.0163934426229506
female,1994,54,2.2264150943396226
female,1994,55,2.3214285714285716
female,1994,56,2.2641509433962264
female,1994,57,1.4545454545454546
female,1994,58,2.9591836734693877
female,1994,59,1.8888888888888888
female,1994,60,1.4375
female,1994,61,1.6923076923076923
female,1994,62,2.2058823529411766
female,1994,63,1.1428571428571428
female,1994,64,1.7659574468085106
female,1994,65,1.9387755102040816
female,1994,66,1.631578947368421
female,1994,67,1.303030303030303
female,1994,68,2.1346153846153846
female,1994,69,2.125
female,1994,70,1.896551724137931
female,1994,71,1.4655172413793103
female,1994,72,1.65
female,1994,73,1.5818181818181818
female,1994,74,1.5185185185185186
female,1994,75,2.096774193548387
female,1994,76,2.08
female,1994,77,1.5789473684210527
female,1994,78,3.310344827586207
female,1994,79,2.4
female,1994,80,2.310344827586207
female,1994,81,1.8518518518518519
female,1994,82,1.6296296296296295
female,1994,83,2.6666666666666665
female,1994,84,2.5217391304347827
female,1994,85,2.7857142857142856
female,1994,86,3.8461538461538463
female,1994,87,2.6
female,1994,88,1.2727272727272727
female,1994,89,7.6
female,1994,90,4
female,1994,91,2
female,1994,92,0.5
female,1994,93,1
female,1994,94,NaN
female,1994,95,NaN
female,1994,96,0
female,1995,15,1.4615384615384615
female,1995,16,2.041095890410959
female,1995,17,2.647727272727273
female,1995,18,1.8421052631578947
female,1995,19,2.303370786516854
female,1995,20,1.8658536585365855
female,1995,21,1.9142857142857144
female,1995,22,2.688311688311688
female,1995,23,2.49438202247191
female,1995,24,2.3146067415730336
female,1995,25,2.0476190476190474
female,1995,26,1.8452380952380953
female,1995,27,2.4646464646464645
female,1995,28,2.1538461538461537
female,1995,29,1.9777777777777779
female,1995,30,2.621212121212121
female,1995,31,2.1458333333333335
female,1995,32,2.094736842105263
female,1995,33,2.6702127659574466
female,1995,34,2.542056074766355
female,1995,35,2.6122448979591835
female,1995,36,2.3260869565217392
female,1995,37,2.238095238095238
female,1995,38,2.581081081081081
female,1995,39,2.3191489361702127
female,1995,40,2.4383561643835616
female,1995,41,2.1358024691358026
female,1995,42,2.873015873015873
female,1995,43,2.6875
female,1995,44,2.1847826086956523
female,1995,45,2.4
female,1995,46,2.1724137931034484
female,1995,47,2.6470588235294117
female,1995,48,3.4835164835164836
female,1995,49,2.325301204819277
female,1995,50,1.9534883720930232
female,1995,51,2.63768115942029
female,1995,52,2.2580645161290325
female,1995,53,2.5945945945945947
female,1995,54,1.8571428571428572
female,1995,55,2.452830188679245
female,1995,56,1.9433962264150944
female,1995,57,2.0784313725490198
female,1995,58,1.7234042553191489
female,1995,59,1.711111111111111
female,1995,60,1.9814814814814814
female,1995,61,1.794871794871795
female,1995,62,2.022727272727273
female,1995,63,1.6833333333333333
female,1995,64,1.1304347826086956
female,1995,65,1.4318181818181819
female,1995,66,1.28
female,1995,67,1.836734693877551
female,1995,68,1.6756756756756757
female,1995,69,2.3846153846153846
female,1995,70,1.5932203389830508
female,1995,71,1.9636363636363636
female,1995,72,1.4107142857142858
female,1995,73,2
female,1995,74,2.259259259259259
female,1995,75,2.04
female,1995,76,3.3461538461538463
female,1995,77,2.769230769230769
female,1995,78,1.7777777777777777
female,1995,79,2.269230769230769
female,1995,80,3.3076923076923075
female,1995,81,1.4444444444444444
female,1995,82,1.6551724137931034
female,1995,83,2.619047619047619
female,1995,84,4
female,1995,85,2.9473684210526314
female,1995,86,1.4615384615384615
female,1995,87,3.75
female,1995,88,3
female,1995,89,1.8571428571428572
female,1995,90,5.4
female,1995,91,0
female,1995,92,0
female,1995,93,2
female,1995,94,2
female,1995,95,NaN
female,1995,96,NaN
female,1996,15,1.0625
female,1996,16,1.922077922077922
female,1996,17,2.736111111111111
female,1996,18,2.258426966292135
female,1996,19,2.0425531914893615
female,1996,20,2.3555555555555556
female,1996,21,1.7938144329896908
female,1996,22,2.7777777777777777
female,1996,23,2.8076923076923075
female,1996,24,2.303370786516854
female,1996,25,2.2083333333333335
female,1996,26,2.7674418604651163
female,1996,27,2.3846153846153846
female,1996,28,1.9387755102040816
female,1996,29,2.26
female,1996,30,1.75
female,1996,31,2.5
female,1996,32,2.144230769230769
female,1996,33,2.4903846153846154
female,1996,34,2.2127659574468086
female,1996,35,2.7168141592920354
female,1996,36,2.67
female,1996,37,2.1739130434782608
female,1996,38,2.0481927710843375
female,1996,39,2.8395061728395063
female,1996,40,2.3736263736263736
female,1996,41,2.6805555555555554
female,1996,42,2.225
female,1996,43,2.1492537313432836
female,1996,44,1.6206896551724137
female,1996,45,2.7471264367816093
female,1996,46,2.6179775280898876
female,1996,47,2.1758241758241756
female,1996,48,2.1358024691358026
female,1996,49,2.522222222222222
female,1996,50,2.186046511627907
female,1996,51,2.4895833333333335
female,1996,52,2.7205882352941178
female,1996,53,2.403225806451613
female,1996,54,2.972972972972973
female,1996,55,1.576271186440678
female,1996,56,1.7608695652173914
female,1996,57,2.1551724137931036
female,1996,58,2.6
female,1996,59,1.7173913043478262
female,1996,60,2.5869565217391304
female,1996,61,1.9811320754716981
female,1996,62,2.227272727272727
female,1996,63,1.7804878048780488
female,1996,64,1.8983050847457628
female,1996,65,1.288888888888889
female,1996,66,1.6304347826086956
female,1996,67,1.0444444444444445
female,1996,68,1.7254901960784315
female,1996,69,1.4444444444444444
female,1996,70,2.1538461538461537
female,1996,71,2.140625
female,1996,72,2.4038461538461537
female,1996,73,1.9130434782608696
female,1996,74,2.076923076923077
female,1996,75,2.6
female,1996,76,1.75
female,1996,77,2.2758620689655173
female,1996,78,1.736842105263158
female,1996,79,1.9714285714285715
female,1996,80,2.08
female,1996,81,2.380952380952381
female,1996,82,1.2
female,1996,83,1.9285714285714286
female,1996,84,2.8095238095238093
female,1996,85,3.090909090909091
female,1996,86,2.3125
female,1996,87,1.8
female,1996,88,3.25
female,1996,89,1.4
female,1996,90,1.5714285714285714
female,1996,91,4.25
female,1996,92,0
female,1996,93,1
female,1996,94,3
female,1996,95,2
female,1996,96,NaN
female,1996,97,NaN
female,1997,15,1.5333333333333334
female,1997,16,2.2045454545454546
female,1997,17,2.5795454545454546
female,1997,18,2.4878048780487805
female,1997,19,2.156862745098039
female,1997,20,1.8645833333333333
female,1997,21,2.4299065420560746
female,1997,22,2.1067961165048543
female,1997,23,2.1604938271604937
female,1997,24,1.7872340425531914
female,1997,25,1.6764705882352942
female,1997,26,2.4761904761904763
female,1997,27,2.686868686868687
female,1997,28,2.4271844660194173
female,1997,29,2.1709401709401708
female,1997,30,2.247787610619469
female,1997,31,1.824
female,1997,32,2.7720588235294117
female,1997,33,2.0916030534351147
female,1997,34,2.7280701754385963
female,1997,35,2.6842105263157894
female,1997,36,2.3649635036496353
female,1997,37,2.4601769911504423
female,1997,38,2.145631067961165
female,1997,39,2.382978723404255
female,1997,40,2.5764705882352943
female,1997,41,2.6126126126126126
female,1997,42,2.4731182795698925
female,1997,43,2.104651162790698
female,1997,44,2.5833333333333335
female,1997,45,2.425287356321839
female,1997,46,2.1346153846153846
female,1997,47,2.6989247311827955
female,1997,48,2.5242718446601944
female,1997,49,2.7058823529411766
female,1997,50,2.2637362637362637
female,1997,51,2.9702970297029703
female,1997,52,2.3469387755102042
female,1997,53,2.1791044776119404
female,1997,54,2.6375
female,1997,55,2.8375
female,1997,56,2.032258064516129
female,1997,57,2.293103448275862
female,1997,58,1.791044776119403
female,1997,59,2.2222222222222223
female,1997,60,2.0892857142857144
female,1997,61,2.1186440677966103
female,1997,62,2.378787878787879
female,1997,63,1.8852459016393444
female,1997,64,1.5384615384615385
female,1997,65,1.8153846153846154
female,1997,66,1.8113207547169812
female,1997,67,1.6607142857142858
female,1997,68,2.23728813559322
female,1997,69,1.5909090909090908
female,1997,70,1.9444444444444444
female,1997,71,2.0172413793103448
female,1997,72,1.6623376623376624
female,1997,73,2
female,1997,74,1.4666666666666666
female,1997,75,2.3333333333333335
female,1997,76,2.847457627118644
female,1997,77,1.8
female,1997,78,2.4871794871794872
female,1997,79,1.7
female,1997,80,2.1666666666666665
female,1997,81,2.125
female,1997,82,2.5
female,1997,83,2.411764705882353
female,1997,84,1.206896551724138
female,1997,85,2.12
female,1997,86,2.24
female,1997,87,1.2941176470588236
female,1997,88,1.9166666666666667
female,1997,89,3.3333333333333335
female,1997,90,0.6
female,1997,91,2.5
female,1997,92,5.2
female,1997,93,2
female,1997,94,0
female,1997,95,3
female,1997,96,1
female,1997,99,NaN
female,1998,15,2.5555555555555554
female,1998,16,1.9857142857142858
female,1998,17,2.623529411764706
female,1998,18,2.6625
female,1998,19,2.5208333333333335
female,1998,20,2.504950495049505
female,1998,21,1.846938775510204
female,1998,22,2.2577319587628866
female,1998,23,1.4948453608247423
female,1998,24,1.8888888888888888
female,1998,25,2.15625
female,1998,26,1.6868686868686869
female,1998,27,2.33
female,1998,28,2.5576923076923075
female,1998,29,2.293577981651376
female,1998,30,2.417391304347826
female,1998,31,2.1682242990654204
female,1998,32,1.9508196721311475
female,1998,33,2.3566433566433567
female,1998,34,2.0952380952380953
female,1998,35,3.26890756302521
female,1998,36,2.4035087719298245
female,1998,37,2.4393939393939394
female,1998,38,2.5
female,1998,39,2.6736842105263157
female,1998,40,2.125
female,1998,41,3.0348837209302326
female,1998,42,2.3904761904761904
female,1998,43,1.9146341463414633
female,1998,44,2.111111111111111
female,1998,45,3.2266666666666666
female,1998,46,2.21505376344086
female,1998,47,2.18
female,1998,48,2.3146067415730336
female,1998,49,2.088235294117647
female,1998,50,2.913978494623656
female,1998,51,2.02
female,1998,52,2.277227722772277
female,1998,53,1.9583333333333333
female,1998,54,2.5142857142857142
female,1998,55,2.539473684210526
female,1998,56,2.4594594594594597
female,1998,57,1.507936507936508
female,1998,58,2.25
female,1998,59,1.7868852459016393
female,1998,60,2.1
female,1998,61,1.7017543859649122
female,1998,62,1.5
female,1998,63,2.390625
female,1998,64,1.7118644067796611
female,1998,65,2.0754716981132075
female,1998,66,1.9523809523809523
female,1998,67,1.9814814814814814
female,1998,68,1.2857142857142858
female,1998,69,1.9803921568627452
female,1998,70,1.6779661016949152
female,1998,71,1.565217391304348
female,1998,72,1.912280701754386
female,1998,73,2.1153846153846154
female,1998,74,1.603448275862069
female,1998,75,1.6785714285714286
female,1998,76,2.2093023255813953
female,1998,77,2.2758620689655173
female,1998,78,1.3114754098360655
female,1998,79,1.4848484848484849
female,1998,80,3
female,1998,81,1.8205128205128205
female,1998,82,3.0357142857142856
female,1998,83,2.1739130434782608
female,1998,84,3.161290322580645
female,1998,85,1.9230769230769231
female,1998,86,3.2857142857142856
female,1998,87,2.8636363636363638
female,1998,88,1.0714285714285714
female,1998,89,2.4166666666666665
female,1998,90,2
female,1998,91,1.2
female,1998,92,1.3333333333333333
female,1998,93,0.3333333333333333
female,1998,94,4
female,1998,95,NaN
female,1998,96,1
female,1998,97,0
female,1998,99,NaN
female,1999,15,2
female,1999,16,1.7112676056338028
female,1999,17,2.3168316831683167
female,1999,18,2.062015503875969
female,1999,19,2.255813953488372
female,1999,20,2.169230769230769
female,1999,21,1.610738255033557
female,1999,22,2.312
female,1999,23,2.1693548387096775
female,1999,24,1.96875
female,1999,25,1.703125
female,1999,26,1.7878787878787878
female,1999,27,1.9230769230769231
female,1999,28,2.3488372093023258
female,1999,29,2.3095238095238093
female,1999,30,1.9054054054054055
female,1999,31,1.9819277108433735
female,1999,32,2.1315789473684212
female,1999,33,2.106741573033708
female,1999,34,1.809278350515464
female,1999,35,2.210810810810811
female,1999,36,2.2369942196531793
female,1999,37,1.8757396449704142
female,1999,38,2.720496894409938
female,1999,39,2.1835443037974684
female,1999,40,2.3655172413793104
female,1999,41,2.1515151515151514
female,1999,42,2.8925619834710745
female,1999,43,2.736842105263158
female,1999,44,1.8181818181818181
female,1999,45,2.154471544715447
female,1999,46,2.206896551724138
female,1999,47,2.4098360655737703
female,1999,48,2.0955882352941178
female,1999,49,1.8951612903225807
female,1999,50,1.9794520547945205
female,1999,51,2
female,1999,52,2.4296296296296296
female,1999,53,1.9558823529411764
female,1999,54,1.7538461538461538
female,1999,55,2.2336448598130842
female,1999,56,2.4649122807017543
female,1999,57,2.263157894736842
female,1999,58,1.6195652173913044
female,1999,59,1.8658536585365855
female,1999,60,1.989010989010989
female,1999,61,2.0707070707070705
female,1999,62,2.1578947368421053
female,1999,63,1.9666666666666666
female,1999,64,1.951219512195122
female,1999,65,2.1515151515151514
female,1999,66,1.9855072463768115
female,1999,67,2.0804597701149423
female,1999,68,1.125
female,1999,69,1.8571428571428572
female,1999,70,1.9891304347826086
female,1999,71,1.684782608695652
female,1999,72,1.6323529411764706
female,1999,73,2.2289156626506026
female,1999,74,2.1595744680851063
female,1999,75,2.2839506172839505
female,1999,76,2.0441176470588234
female,1999,77,2.611940298507463
female,1999,78,2.4507042253521125
female,1999,79,1.8227848101265822
female,1999,80,2.369565217391304
female,1999,81,2.108108108108108
female,1999,82,1.8695652173913044
female,1999,83,2.7419354838709675
female,1999,84,2.392857142857143
female,1999,85,2
female,1999,86,2.689655172413793
female,1999,87,2.1578947368421053
female,1999,88,3.857142857142857
female,1999,89,2.8461538461538463
female,1999,90,1.9230769230769231
female,1999,91,3.8333333333333335
female,1999,92,1.5
female,1999,93,1
female,1999,94,1.3333333333333333
female,1999,95,9
female,1999,96,2
female,1999,98,0
female,1999,101,NaN
female,1999,NA,0
female,2e3,15,2.1333333333333333
female,2e3,16,1.8484848484848484
female,2e3,17,2.8840579710144927
female,2e3,18,2.3363636363636364
female,2e3,19,2.6956521739130435
female,2e3,20,2.30327868852459
female,2e3,21,2.885496183206107
female,2e3,22,2.4525547445255476
female,2e3,23,1.7603305785123966
female,2e3,24,2.2735042735042734
female,2e3,25,1.9
female,2e3,26,2.512396694214876
female,2e3,27,2.021897810218978
female,2e3,28,2.14
female,2e3,29,2.6818181818181817
female,2e3,30,2.388888888888889
female,2e3,31,2.084507042253521
female,2e3,32,2.3190184049079754
female,2e3,33,2.050314465408805
female,2e3,34,2.5
female,2e3,35,2.8606965174129355
female,2e3,36,2.458563535911602
female,2e3,37,2.462857142857143
female,2e3,38,1.9806451612903226
female,2e3,39,2.382716049382716
female,2e3,40,2.7337662337662336
female,2e3,41,2.5448275862068965
female,2e3,42,1.9172932330827068
female,2e3,43,2.6
female,2e3,44,2.104895104895105
female,2e3,45,2.1313868613138687
female,2e3,46,2.0310077519379846
female,2e3,47,2.6885245901639343
female,2e3,48,2.6
female,2e3,49,2.288732394366197
female,2e3,50,2.373015873015873
female,2e3,51,2.1714285714285713
female,2e3,52,2.4274193548387095
female,2e3,53,2.4722222222222223
female,2e3,54,1.9841269841269842
female,2e3,55,2.2338709677419355
female,2e3,56,3.0841121495327104
female,2e3,57,1.8407079646017699
female,2e3,58,2.4132231404958677
female,2e3,59,1.471264367816092
female,2e3,60,1.528735632183908
female,2e3,61,1.9120879120879122
female,2e3,62,2.121212121212121
female,2e3,63,1.9761904761904763
female,2e3,64,1.783132530120482
female,2e3,65,1.6741573033707866
female,2e3,66,2.0543478260869565
female,2e3,67,1.825
female,2e3,68,1.5617977528089888
female,2e3,69,1.7012987012987013
female,2e3,70,1.8170731707317074
female,2e3,71,2.1604938271604937
female,2e3,72,2.2804878048780486
female,2e3,73,2.1159420289855073
female,2e3,74,2.0921052631578947
female,2e3,75,2.284090909090909
female,2e3,76,2.364864864864865
female,2e3,77,3.292307692307692
female,2e3,78,1.765625
female,2e3,79,2.25
female,2e3,80,2.260869565217391
female,2e3,81,2.3255813953488373
female,2e3,82,2.1621621621621623
female,2e3,83,2.3823529411764706
female,2e3,84,2.875
female,2e3,85,2.44
female,2e3,86,2.2758620689655173
female,2e3,87,2.217391304347826
female,2e3,88,3.357142857142857
female,2e3,89,3.2
female,2e3,90,2.727272727272727
female,2e3,91,0.8
female,2e3,92,0
female,2e3,93,2.6666666666666665
female,2e3,94,4.8
female,2e3,95,3
female,2e3,97,NaN
female,2e3,99,3
female,2e3,101,NaN
female,2001,15,1.9666666666666666
female,2001,16,1.912280701754386
female,2001,17,2
female,2001,18,1.9150326797385622
female,2001,19,2.525925925925926
female,2001,20,2.5090909090909093
female,2001,21,2.1153846153846154
female,2001,22,2.1944444444444446
female,2001,23,2.006060606060606
female,2001,24,1.5633802816901408
female,2001,25,1.7463768115942029
female,2001,26,1.5493827160493827
female,2001,27,2.4802631578947367
female,2001,28,2.17816091954023
female,2001,29,2.179190751445087
female,2001,30,2.708791208791209
female,2001,31,1.9438202247191012
female,2001,32,2.4146341463414633
female,2001,33,2.3229166666666665
female,2001,34,2.405940594059406
female,2001,35,2.4947916666666665
female,2001,36,2.334841628959276
female,2001,37,2.4055299539170507
female,2001,38,2.5918367346938775
female,2001,39,2.4554455445544554
female,2001,40,2.4923076923076923
female,2001,41,2.3163841807909606
female,2001,42,2.6444444444444444
female,2001,43,2.537037037037037
female,2001,44,2.556390977443609
female,2001,45,1.9570552147239264
female,2001,46,2.5033557046979866
female,2001,47,2.329192546583851
female,2001,48,1.993103448275862
female,2001,49,2.0652173913043477
female,2001,50,2.645348837209302
female,2001,51,2.699248120300752
female,2001,52,2.664772727272727
female,2001,53,2.189542483660131
female,2001,54,2.7604790419161676
female,2001,55,1.9333333333333333
female,2001,56,2.3986013986013988
female,2001,57,2.902439024390244
female,2001,58,2.286764705882353
female,2001,59,2.1379310344827585
female,2001,60,1.4528301886792452
female,2001,61,1.8514851485148516
female,2001,62,1.7087378640776698
female,2001,63,2.1666666666666665
female,2001,64,2.4791666666666665
female,2001,65,2.198019801980198
female,2001,66,2.009433962264151
female,2001,67,1.9263157894736842
female,2001,68,1.7234042553191489
female,2001,69,2.0736842105263156
female,2001,70,1.1839080459770115
female,2001,71,1.7254901960784315
female,2001,72,2.3076923076923075
female,2001,73,1.653061224489796
female,2001,74,1.88
female,2001,75,1.8604651162790697
female,2001,76,1.9270833333333333
female,2001,77,2.10989010989011
female,2001,78,2.753846153846154
female,2001,79,2.4310344827586206
female,2001,80,2.1710526315789473
female,2001,81,1.7702702702702702
female,2001,82,1.9166666666666667
female,2001,83,2.225
female,2001,84,2.4571428571428573
female,2001,85,3
female,2001,86,1.631578947368421
female,2001,87,3.1666666666666665
female,2001,88,3.4545454545454546
female,2001,89,2.8
female,2001,90,3.75
female,2001,91,1.125
female,2001,92,1.25
female,2001,93,2
female,2001,94,3.5
female,2001,95,4.5
female,2001,96,4
female,2001,NA,2
female,2002,15,2.625
female,2002,16,2.2262773722627736
female,2002,17,2.1545454545454548
female,2002,18,1.7049180327868851
female,2002,19,2.2222222222222223
female,2002,20,2.0701754385964914
female,2002,21,2.712
female,2002,22,1.6134453781512605
female,2002,23,2.255639097744361
female,2002,24,2.2214285714285715
female,2002,25,1.6048387096774193
female,2002,26,2.208695652173913
female,2002,27,2.0071942446043165
female,2002,28,2.0153846153846153
female,2002,29,1.972972972972973
female,2002,30,1.9493670886075949
female,2002,31,2.06875
female,2002,32,2.432098765432099
female,2002,33,2.132867132867133
female,2002,34,2.010928961748634
female,2002,35,2.570588235294118
female,2002,36,2.2777777777777777
female,2002,37,2.175531914893617
female,2002,38,2
female,2002,39,2.4827586206896552
female,2002,40,2.0573248407643314
female,2002,41,2.298780487804878
female,2002,42,2.2534246575342465
female,2002,43,2.366013071895425
female,2002,44,2.273381294964029
female,2002,45,2.4152542372881354
female,2002,46,1.8120300751879699
female,2002,47,2.317073170731707
female,2002,48,2.323943661971831
female,2002,49,2.4237288135593222
female,2002,50,2.4732824427480917
female,2002,51,3.193798449612403
female,2002,52,2.3981481481481484
female,2002,53,2.655844155844156
female,2002,54,1.8680555555555556
female,2002,55,1.9859154929577465
female,2002,56,1.9848484848484849
female,2002,57,2.1703703703703705
female,2002,58,2.8947368421052633
female,2002,59,1.9272727272727272
female,2002,60,1.76
female,2002,61,1.7608695652173914
female,2002,62,1.5833333333333333
female,2002,63,1.5113636363636365
female,2002,64,2.01010101010101
female,2002,65,2.775
female,2002,66,1.627659574468085
female,2002,67,1.923913043478261
female,2002,68,1.8227848101265822
female,2002,69,1.1728395061728396
female,2002,70,1.353658536585366
female,2002,71,0.881578947368421
female,2002,72,1.2597402597402598
female,2002,73,1.964705882352941
female,2002,74,2.3058823529411763
female,2002,75,2.140625
female,2002,76,2.242424242424242
female,2002,77,2.2375
female,2002,78,1.6363636363636365
female,2002,79,2.557377049180328
female,2002,80,1.8636363636363635
female,2002,81,2.34375
female,2002,82,1.9
female,2002,83,2.1818181818181817
female,2002,84,2
female,2002,85,2.3
female,2002,86,2.411764705882353
female,2002,87,1.8888888888888888
female,2002,88,2.909090909090909
female,2002,89,3.8333333333333335
female,2002,90,2.4545454545454546
female,2002,91,2.6
female,2002,92,2.2
female,2002,93,0.6666666666666666
female,2002,94,0
female,2002,95,0.5
female,2002,96,9
female,2002,97,NaN
female,2003,15,3.6538461538461537
female,2003,16,2.0072992700729926
female,2003,17,2.180327868852459
female,2003,18,2.3660714285714284
female,2003,19,2.379032258064516
female,2003,20,2.0431654676258995
female,2003,21,2.2268041237113403
female,2003,22,2.144
female,2003,23,1.8934426229508197
female,2003,24,2.007751937984496
female,2003,25,2
female,2003,26,2.2611940298507465
female,2003,27,1.7809523809523808
female,2003,28,1.9767441860465116
female,2003,29,1.8059701492537314
female,2003,30,1.9183673469387754
female,2003,31,1.6527777777777777
female,2003,32,2.2658227848101267
female,2003,33,2.006622516556291
female,2003,34,2.3
female,2003,35,1.927710843373494
female,2003,36,2.1818181818181817
female,2003,37,2.0125
female,2003,38,2.1222222222222222
female,2003,39,1.8715083798882681
female,2003,40,2.8674698795180724
female,2003,41,2.164473684210526
female,2003,42,1.9878787878787878
female,2003,43,2.1818181818181817
female,2003,44,2.3642384105960264
female,2003,45,2.2977099236641223
female,2003,46,2.5702479338842976
female,2003,47,1.8682170542635659
female,2003,48,1.809090909090909
female,2003,49,2.4100719424460433
female,2003,50,2.763157894736842
female,2003,51,1.735042735042735
female,2003,52,3.1544117647058822
female,2003,53,1.9724770642201834
female,2003,54,2.475862068965517
female,2003,55,2.184
female,2003,56,2.1486486486486487
female,2003,57,1.9333333333333333
female,2003,58,1.7984496124031009
female,2003,59,2.466019417475728
female,2003,60,1.859504132231405
female,2003,61,1.603305785123967
female,2003,62,1.4408602150537635
female,2003,63,1.4146341463414633
female,2003,64,1.5232558139534884
female,2003,65,1.4782608695652173
female,2003,66,2.176470588235294
female,2003,67,2.111111111111111
female,2003,68,1.302325581395349
female,2003,69,2.121212121212121
female,2003,70,1.2564102564102564
female,2003,71,1.7560975609756098
female,2003,72,1
female,2003,73,1.8
female,2003,74,2.6710526315789473
female,2003,75,1.9268292682926829
female,2003,76,2.1481481481481484
female,2003,77,2.5942028985507246
female,2003,78,2.32
female,2003,79,2.3333333333333335
female,2003,80,2.5306122448979593
female,2003,81,1.951219512195122
female,2003,82,2.0892857142857144
female,2003,83,2.272727272727273
female,2003,84,1.7777777777777777
female,2003,85,2.590909090909091
female,2003,86,3
female,2003,87,2.1333333333333333
female,2003,88,3.769230769230769
female,2003,89,2
female,2003,90,4.555555555555555
female,2003,91,2.142857142857143
female,2003,92,2.6
female,2003,93,1.25
female,2003,94,0.3333333333333333
female,2003,95,2
female,2003,96,1
female,2003,97,10
female,2003,98,NaN
female,2003,99,NaN
female,2004,15,1.962962962962963
female,2004,16,2.006802721088435
female,2004,17,2.22962962962963
female,2004,18,2.3603603603603602
female,2004,19,2.376146788990826
female,2004,20,2.203883495145631
female,2004,21,2.4586466165413534
female,2004,22,2.3789473684210525
female,2004,23,2.1206896551724137
female,2004,24,1.7818181818181817
female,2004,25,2.253846153846154
female,2004,26,2.0701754385964914
female,2004,27,1.856115107913669
female,2004,28,1.51
female,2004,29,2.1640625
female,2004,30,2.0826446280991737
female,2004,31,2.125
female,2004,32,2.0141843971631204
female,2004,33,2.337748344370861
female,2004,34,1.6865671641791045
female,2004,35,2.2781456953642385
female,2004,36,2.5555555555555554
female,2004,37,2.4355828220858897
female,2004,38,2.1476510067114094
female,2004,39,2.1965317919075145
female,2004,40,2.069620253164557
female,2004,41,2.1349693251533743
female,2004,42,2.4217687074829932
female,2004,43,2.4100719424460433
female,2004,44,2.164383561643836
female,2004,45,2.2183098591549295
female,2004,46,2.2941176470588234
female,2004,47,2.0084745762711864
female,2004,48,2.1864406779661016
female,2004,49,2.391304347826087
female,2004,50,1.859375
female,2004,51,2.4504504504504503
female,2004,52,2.1147540983606556
female,2004,53,2.523076923076923
female,2004,54,1.6826923076923077
female,2004,55,2.338235294117647
female,2004,56,2.409448818897638
female,2004,57,2.4785714285714286
female,2004,58,1.886178861788618
female,2004,59,1.8130081300813008
female,2004,60,2.0970873786407767
female,2004,61,2.141509433962264
female,2004,62,2.3333333333333335
female,2004,63,1.4782608695652173
female,2004,64,1.7564102564102564
female,2004,65,1.4942528735632183
female,2004,66,1.7142857142857142
female,2004,67,2.025
female,2004,68,2.5256410256410255
female,2004,69,1.6746987951807228
female,2004,70,2.0869565217391304
female,2004,71,1.486842105263158
female,2004,72,2.0675675675675675
female,2004,73,0.9583333333333334
female,2004,74,1.791044776119403
female,2004,75,2.4
female,2004,76,2.1
female,2004,77,1.9615384615384615
female,2004,78,2.1746031746031744
female,2004,79,2.129032258064516
female,2004,80,2.4827586206896552
female,2004,81,2.5686274509803924
female,2004,82,2.4545454545454546
female,2004,83,2.276595744680851
female,2004,84,2.340909090909091
female,2004,85,2.380952380952381
female,2004,86,2.5
female,2004,87,4.470588235294118
female,2004,88,3.1538461538461537
female,2004,89,3.066666666666667
female,2004,90,1.6666666666666667
female,2004,91,6
female,2004,92,4
female,2004,93,3.5
female,2004,94,0.3333333333333333
female,2004,95,0.3333333333333333
female,2004,96,8
female,2004,97,3.5
female,2004,98,8
female,2005,15,2
female,2005,16,1.872340425531915
female,2005,17,1.8957055214723926
female,2005,18,2.5153846153846153
female,2005,19,2.4
female,2005,20,2.3739837398373984
female,2005,21,2.6610169491525424
female,2005,22,2.116279069767442
female,2005,23,2.49438202247191
female,2005,24,2.327731092436975
female,2005,25,2.255813953488372
female,2005,26,1.7589285714285714
female,2005,27,2.5793650793650795
female,2005,28,1.8888888888888888
female,2005,29,2
female,2005,30,2.0172413793103448
female,2005,31,1.8181818181818181
female,2005,32,2.28125
female,2005,33,1.8169014084507042
female,2005,34,2.359154929577465
female,2005,35,2.335570469798658
female,2005,36,2.732394366197183
female,2005,37,2.0833333333333335
female,2005,38,2.530201342281879
female,2005,39,1.725
female,2005,40,2.4775280898876404
female,2005,41,1.80625
female,2005,42,2.5714285714285716
female,2005,43,2.576642335766423
female,2005,44,2.3768115942028984
female,2005,45,2.767605633802817
female,2005,46,2.124087591240876
female,2005,47,2.15
female,2005,48,2.5267857142857144
female,2005,49,1.8968253968253967
female,2005,50,2.019607843137255
female,2005,51,2.5984848484848486
female,2005,52,2.3157894736842106
female,2005,53,2.5277777777777777
female,2005,54,2.294573643410853
female,2005,55,2.3069306930693068
female,2005,56,2.1707317073170733
female,2005,57,3.1374045801526718
female,2005,58,2.3846153846153846
female,2005,59,2.185840707964602
female,2005,60,1.6356589147286822
female,2005,61,2.5520833333333335
female,2005,62,2.118811881188119
female,2005,63,1.8909090909090909
female,2005,64,1.6702127659574468
female,2005,65,1.9189189189189189
female,2005,66,1.4482758620689655
female,2005,67,1.548780487804878
female,2005,68,1.9871794871794872
female,2005,69,1.8507462686567164
female,2005,70,1.5595238095238095
female,2005,71,2.1690140845070425
female,2005,72,1.608695652173913
female,2005,73,2.391304347826087
female,2005,74,1.1830985915492958
female,2005,75,2.629032258064516
female,2005,76,2.8676470588235294
female,2005,77,1.75
female,2005,78,1.9565217391304348
female,2005,79,2.7142857142857144
female,2005,80,2.593220338983051
female,2005,81,2.076923076923077
female,2005,82,2.7804878048780486
female,2005,83,3.066666666666667
female,2005,84,2.641025641025641
female,2005,85,2.1794871794871793
female,2005,86,1.8888888888888888
female,2005,87,2.7777777777777777
female,2005,88,3
female,2005,89,2.642857142857143
female,2005,90,3.6
female,2005,91,1.4
female,2005,92,4.25
female,2005,93,5.5
female,2005,94,6
female,2005,95,1.5
female,2005,96,0
female,2005,97,3
female,2005,98,3.5
female,2005,99,3
female,2005,NA,0
female,2006,15,1.95
female,2006,16,2.0921985815602837
female,2006,17,2.213793103448276
female,2006,18,2.423357664233577
female,2006,19,2.079646017699115
female,2006,20,2.135593220338983
female,2006,21,2.658119658119658
female,2006,22,2.1981981981981984
female,2006,23,2.390625
female,2006,24,2.453488372093023
female,2006,25,2.5172413793103448
female,2006,26,1.908256880733945
female,2006,27,2.0353982300884956
female,2006,28,2
female,2006,29,1.9699248120300752
female,2006,30,1.5384615384615385
female,2006,31,1.5041322314049588
female,2006,32,2.15
female,2006,33,2.053435114503817
female,2006,34,2.5968992248062017
female,2006,35,2.3216783216783217
female,2006,36,2.0434782608695654
female,2006,37,2.585185185185185
female,2006,38,2.1338028169014085
female,2006,39,2.2411347517730498
female,2006,40,1.9662162162162162
female,2006,41,2.3085714285714287
female,2006,42,2.06993006993007
female,2006,43,2.486111111111111
female,2006,44,2.408759124087591
female,2006,45,2.5223880597014925
female,2006,46,2.5555555555555554
female,2006,47,2.474074074074074
female,2006,48,2.4017857142857144
female,2006,49,2.965217391304348
female,2006,50,2.217391304347826
female,2006,51,2.6454545454545455
female,2006,52,2.183333333333333
female,2006,53,2.165137614678899
female,2006,54,2.0588235294117645
female,2006,55,2.6640625
female,2006,56,2.5494505494505493
female,2006,57,2.5968992248062017
female,2006,58,2.1166666666666667
female,2006,59,1.8455882352941178
female,2006,60,1.7796610169491525
female,2006,61,1.943089430894309
female,2006,62,2.2604166666666665
female,2006,63,2.0594059405940595
female,2006,64,1.9174311926605505
female,2006,65,1.2043010752688172
female,2006,66,2.712328767123288
female,2006,67,1.3924050632911393
female,2006,68,1.7317073170731707
female,2006,69,2.112676056338028
female,2006,70,2.138888888888889
female,2006,71,1.654320987654321
female,2006,72,2.3194444444444446
female,2006,73,1.9565217391304348
female,2006,74,2.1176470588235294
female,2006,75,1.3636363636363635
female,2006,76,2.2295081967213113
female,2006,77,2.8870967741935485
female,2006,78,2.0869565217391304
female,2006,79,2.4761904761904763
female,2006,80,2.8771929824561404
female,2006,81,2.230769230769231
female,2006,82,2.3095238095238093
female,2006,83,1.8888888888888888
female,2006,84,3.088235294117647
female,2006,85,2.25
female,2006,86,2.84375
female,2006,87,1.9411764705882353
female,2006,88,2.642857142857143
female,2006,89,2.5714285714285716
female,2006,90,1
female,2006,91,3.125
female,2006,92,2.1666666666666665
female,2006,93,2.75
female,2006,94,6.5
female,2006,95,3
female,2006,96,6
female,2006,97,NaN
female,2006,98,2
female,2006,99,4
female,2006,NA,0
female,2007,15,2.4285714285714284
female,2007,16,1.9727891156462585
female,2007,17,2.161764705882353
female,2007,18,2.0634920634920637
female,2007,19,1.972027972027972
female,2007,20,2.0608695652173914
female,2007,21,2.2660550458715596
female,2007,22,2.808080808080808
female,2007,23,2.100840336134454
female,2007,24,2.0081967213114753
female,2007,25,2.5844155844155843
female,2007,26,2.2788461538461537
female,2007,27,2.2710280373831777
female,2007,28,2.1666666666666665
female,2007,29,2.3214285714285716
female,2007,30,2.0697674418604652
female,2007,31,1.7647058823529411
female,2007,32,1.8521739130434782
female,2007,33,2.0090909090909093
female,2007,34,1.893939393939394
female,2007,35,2.7777777777777777
female,2007,36,2.2814814814814817
female,2007,37,2.651851851851852
female,2007,38,2.1313868613138687
female,2007,39,2.385135135135135
female,2007,40,2.0719424460431655
female,2007,41,2.347826086956522
female,2007,42,2.518292682926829
female,2007,43,2
female,2007,44,2.539568345323741
female,2007,45,2.221311475409836
female,2007,46,2.2666666666666666
female,2007,47,2.5474452554744524
female,2007,48,2.108527131782946
female,2007,49,2.4017094017094016
female,2007,50,2.5294117647058822
female,2007,51,1.896551724137931
female,2007,52,2.0782608695652174
female,2007,53,2.1682242990654204
female,2007,54,2.298076923076923
female,2007,55,2.366336633663366
female,2007,56,2.4881889763779528
female,2007,57,1.6326530612244898
female,2007,58,2.8859649122807016
female,2007,59,2
female,2007,60,1.3015873015873016
female,2007,61,1.9245283018867925
female,2007,62,1.7297297297297298
female,2007,63,2.4591836734693877
female,2007,64,2.1847826086956523
female,2007,65,2.0377358490566038
female,2007,66,1.6666666666666667
female,2007,67,1.5277777777777777
female,2007,68,1.6756756756756757
female,2007,69,1.4864864864864864
female,2007,70,2.2941176470588234
female,2007,71,2.0985915492957745
female,2007,72,1.6986301369863013
female,2007,73,1.7258064516129032
female,2007,74,1.647887323943662
female,2007,75,2.0806451612903225
female,2007,76,1.8709677419354838
female,2007,77,1.5806451612903225
female,2007,78,1.8928571428571428
female,2007,79,1.9333333333333333
female,2007,80,2.9
female,2007,81,2.836734693877551
female,2007,82,1.92
female,2007,83,2.2244897959183674
female,2007,84,2.2
female,2007,85,3.230769230769231
female,2007,86,2.838709677419355
female,2007,87,3.1481481481481484
female,2007,88,3.769230769230769
female,2007,89,4.909090909090909
female,2007,90,1.8181818181818181
female,2007,91,2
female,2007,92,2.857142857142857
female,2007,93,2.6
female,2007,94,NaN
female,2007,95,2
female,2007,96,2
female,2007,97,1
female,2007,98,0
female,2007,100,7
female,2007,NA,0
female,2008,15,1.4545454545454546
female,2008,16,2.336448598130841
female,2008,17,2.338345864661654
female,2008,18,2.0756302521008405
female,2008,19,2.099099099099099
female,2008,20,2.1666666666666665
female,2008,21,2.6990291262135924
female,2008,22,2.450980392156863
female,2008,23,3.0595238095238093
female,2008,24,2.105769230769231
female,2008,25,2.091743119266055
female,2008,26,2.0933333333333333
female,2008,27,1.8125
female,2008,28,2.5257731958762886
female,2008,29,2.019230769230769
female,2008,30,1.956140350877193
female,2008,31,2.2232142857142856
female,2008,32,1.5566037735849056
female,2008,33,2.1634615384615383
female,2008,34,2.18348623853211
female,2008,35,2.4070796460176993
female,2008,36,2.088
female,2008,37,2.7698412698412698
female,2008,38,1.802919708029197
female,2008,39,2.5625
female,2008,40,2.6231884057971016
female,2008,41,1.874074074074074
female,2008,42,2.3529411764705883
female,2008,43,2.2371794871794872
female,2008,44,1.8142857142857143
female,2008,45,2.2686567164179103
female,2008,46,2.7419354838709675
female,2008,47,2.7222222222222223
female,2008,48,2.564885496183206
female,2008,49,2.3
female,2008,50,2.93859649122807
female,2008,51,2.731958762886598
female,2008,52,1.8762886597938144
female,2008,53,2.241758241758242
female,2008,54,2.0530973451327434
female,2008,55,2.4134615384615383
female,2008,56,2.1808510638297873
female,2008,57,2.9237288135593222
female,2008,58,2.215909090909091
female,2008,59,2.009433962264151
female,2008,60,2.208695652173913
female,2008,61,1.8699186991869918
female,2008,62,1.912621359223301
female,2008,63,2.2666666666666666
female,2008,64,1.7241379310344827
female,2008,65,2.5555555555555554
female,2008,66,1.8514851485148516
female,2008,67,1.6436781609195403
female,2008,68,1.7536231884057971
female,2008,69,1.3571428571428572
female,2008,70,1.7605633802816902
female,2008,71,2.0307692307692307
female,2008,72,2.123076923076923
female,2008,73,1.835820895522388
female,2008,74,2.253968253968254
female,2008,75,1.6271186440677967
female,2008,76,2.2542372881355934
female,2008,77,2.3833333333333333
female,2008,78,2.02
female,2008,79,2.2857142857142856
female,2008,80,1.6603773584905661
female,2008,81,1.6176470588235294
female,2008,82,3.1578947368421053
female,2008,83,2.5555555555555554
female,2008,84,2.5526315789473686
female,2008,85,2.064516129032258
female,2008,86,2.8823529411764706
female,2008,87,2.75
female,2008,88,3.0434782608695654
female,2008,89,3.3333333333333335
female,2008,90,2.6666666666666665
female,2008,91,3.142857142857143
female,2008,92,1.1666666666666667
female,2008,93,4.571428571428571
female,2008,94,1.75
female,2008,95,8
female,2008,96,6
female,2008,98,2
female,2008,99,0
female,2008,101,NaN
female,2008,NA,0
male,1991,15,0.8333333333333334
male,1991,16,1.0919540229885059
male,1991,17,0.7864077669902912
male,1991,18,1.630952380952381
male,1991,19,1.513157894736842
male,1991,20,1.4269662921348314
male,1991,21,1.0289855072463767
male,1991,22,1.7407407407407407
male,1991,23,1.4457831325301205
male,1991,24,1.146341463414634
male,1991,25,1.8928571428571428
male,1991,26,1.7912087912087913
male,1991,27,1.2872340425531914
male,1991,28,2.1066666666666665
male,1991,29,1.4795918367346939
male,1991,30,1.6565656565656566
male,1991,31,1.0654205607476634
male,1991,32,1.175257731958763
male,1991,33,1.388235294117647
male,1991,34,1.9316239316239316
male,1991,35,1.2272727272727273
male,1991,36,1.6756756756756757
male,1991,37,2.0126582278481013
male,1991,38,2.072289156626506
male,1991,39,1.759493670886076
male,1991,40,1.5432098765432098
male,1991,41,1.7974683544303798
male,1991,42,2.064935064935065
male,1991,43,1.744186046511628
male,1991,44,1.3559322033898304
male,1991,45,1
male,1991,46,2.0853658536585367
male,1991,47,1.4931506849315068
male,1991,48,1.6962025316455696
male,1991,49,1.8421052631578947
male,1991,50,0.9180327868852459
male,1991,51,1.7666666666666666
male,1991,52,1.4583333333333333
male,1991,53,1.338235294117647
male,1991,54,1.9166666666666667
male,1991,55,1.6226415094339623
male,1991,56,0.6363636363636364
male,1991,57,1.55
male,1991,58,2.0638297872340425
male,1991,59,1.4067796610169492
male,1991,60,1.42
male,1991,61,1.297872340425532
male,1991,62,1.5857142857142856
male,1991,63,1.0588235294117647
male,1991,64,0.8235294117647058
male,1991,65,0.8
male,1991,66,1.7450980392156863
male,1991,67,1.36
male,1991,68,1.6603773584905661
male,1991,69,1.82
male,1991,70,1.1636363636363636
male,1991,71,1.3220338983050848
male,1991,72,1.5333333333333334
male,1991,73,1.4666666666666666
male,1991,74,2.1333333333333333
male,1991,75,1.1612903225806452
male,1991,76,1.6153846153846154
male,1991,77,2.2
male,1991,78,1.5555555555555556
male,1991,79,1.6551724137931034
male,1991,80,1.5384615384615385
male,1991,81,1.2666666666666666
male,1991,82,1.736842105263158
male,1991,83,2.263157894736842
male,1991,84,1.9411764705882353
male,1991,85,1.3333333333333333
male,1991,86,2.4
male,1991,87,0.75
male,1991,88,1.6666666666666667
male,1991,89,3
male,1991,90,1
male,1991,91,0
male,1991,94,NaN
male,1992,15,0.2
male,1992,16,1.2985074626865671
male,1992,17,1.0568181818181819
male,1992,18,1.6382978723404256
male,1992,19,1.5625
male,1992,20,1.6153846153846154
male,1992,21,1.5376344086021505
male,1992,22,1.4
male,1992,23,1.6233766233766234
male,1992,24,1.7179487179487178
male,1992,25,0.9466666666666667
male,1992,26,1.7956989247311828
male,1992,27,1.2765957446808511
male,1992,28,1.5333333333333334
male,1992,29,2.4069767441860463
male,1992,30,2.0309278350515463
male,1992,31,1.8350515463917525
male,1992,32,1.6237623762376239
male,1992,33,1.7446808510638299
male,1992,34,1.6235294117647059
male,1992,35,2.21
male,1992,36,2
male,1992,37,1.7027027027027026
male,1992,38,2.0555555555555554
male,1992,39,1.4
male,1992,40,1.9743589743589745
male,1992,41,1.9583333333333333
male,1992,42,2.6129032258064515
male,1992,43,1.513157894736842
male,1992,44,1.9767441860465116
male,1992,45,1.4074074074074074
male,1992,46,1.8095238095238095
male,1992,47,1.6111111111111112
male,1992,48,2.4285714285714284
male,1992,49,2.1857142857142855
male,1992,50,1.7246376811594204
male,1992,51,1.9056603773584906
male,1992,52,2.1724137931034484
male,1992,53,1.4264705882352942
male,1992,54,1.7241379310344827
male,1992,55,2
male,1992,56,1.7209302325581395
male,1992,57,0.8888888888888888
male,1992,58,1.8653846153846154
male,1992,59,1.8636363636363635
male,1992,60,1.0851063829787233
male,1992,61,1.6458333333333333
male,1992,62,1.1219512195121952
male,1992,63,1.4833333333333334
male,1992,64,0.8181818181818182
male,1992,65,0.625
male,1992,66,0.875
male,1992,67,1.05
male,1992,68,1.489795918367347
male,1992,69,1.346938775510204
male,1992,70,1.85
male,1992,71,0.9111111111111111
male,1992,72,1.0681818181818181
male,1992,73,1.3225806451612903
male,1992,74,1.0384615384615385
male,1992,75,2.347826086956522
male,1992,76,2.1379310344827585
male,1992,77,2.1176470588235294
male,1992,78,1.9444444444444444
male,1992,79,1.85
male,1992,80,1.8
male,1992,81,1.5454545454545454
male,1992,82,2
male,1992,83,2.2
male,1992,84,3.2777777777777777
male,1992,85,1.3
male,1992,86,2
male,1992,87,2
male,1992,88,0
male,1992,89,1.3333333333333333
male,1992,90,0
male,1992,91,2
male,1992,92,4
male,1993,15,0.8333333333333334
male,1993,16,0.92
male,1993,17,1.7142857142857142
male,1993,18,1.4597701149425288
male,1993,19,1.6785714285714286
male,1993,20,1.7236842105263157
male,1993,21,1.3636363636363635
male,1993,22,1.3617021276595744
male,1993,23,1.2926829268292683
male,1993,24,1.7702702702702702
male,1993,25,1.4578313253012047
male,1993,26,1.2894736842105263
male,1993,27,1.4204545454545454
male,1993,28,1.511111111111111
male,1993,29,1.054945054945055
male,1993,30,1.4805194805194806
male,1993,31,1.7553191489361701
male,1993,32,2.127659574468085
male,1993,33,1.3979591836734695
male,1993,34,1.6585365853658536
male,1993,35,1.4939759036144578
male,1993,36,1.6888888888888889
male,1993,37,1.5
male,1993,38,1.5942028985507246
male,1993,39,2.260869565217391
male,1993,40,1.2903225806451613
male,1993,41,2.3734939759036147
male,1993,42,2.0454545454545454
male,1993,43,2.15625
male,1993,44,2.0303030303030303
male,1993,45,1.9066666666666667
male,1993,46,1.2990654205607477
male,1993,47,1.5081967213114753
male,1993,48,2.3230769230769233
male,1993,49,1.971830985915493
male,1993,50,2.234375
male,1993,51,2.2
male,1993,52,1.8181818181818181
male,1993,53,1.5918367346938775
male,1993,54,2.0655737704918034
male,1993,55,1.1636363636363636
male,1993,56,1.2380952380952381
male,1993,57,1.3095238095238095
male,1993,58,1.0816326530612246
male,1993,59,1.8571428571428572
male,1993,60,1.627906976744186
male,1993,61,1.2790697674418605
male,1993,62,1.8222222222222222
male,1993,63,1.1081081081081081
male,1993,64,1.4035087719298245
male,1993,65,0.825
male,1993,66,0.8
male,1993,67,0.9555555555555556
male,1993,68,1.1428571428571428
male,1993,69,1.6428571428571428
male,1993,70,1.7
male,1993,71,2.142857142857143
male,1993,72,0.9302325581395349
male,1993,73,1.131578947368421
male,1993,74,1.8461538461538463
male,1993,75,0.8148148148148148
male,1993,76,2.15
male,1993,77,1.4375
male,1993,78,1.5333333333333334
male,1993,79,1.4761904761904763
male,1993,80,1.75
male,1993,81,1.8695652173913044
male,1993,82,2.4444444444444446
male,1993,83,1.8181818181818181
male,1993,84,2.6923076923076925
male,1993,85,2.8125
male,1993,86,2.25
male,1993,87,1.5
male,1993,88,0.5
male,1993,89,0.3333333333333333
male,1993,90,2.6666666666666665
male,1993,91,NaN
male,1993,92,NaN
male,1993,93,6
male,1994,15,0.6
male,1994,16,1.8135593220338984
male,1994,17,0.9411764705882353
male,1994,18,1.125
male,1994,19,1.7241379310344827
male,1994,20,1.1775700934579438
male,1994,21,1.7142857142857142
male,1994,22,1.5696202531645569
male,1994,23,1.3626373626373627
male,1994,24,1.3766233766233766
male,1994,25,1.2207792207792207
male,1994,26,1.752808988764045
male,1994,27,1.3291139240506329
male,1994,28,1.524390243902439
male,1994,29,1.6770833333333333
male,1994,30,1.1235955056179776
male,1994,31,1.794871794871795
male,1994,32,1.6373626373626373
male,1994,33,1.6595744680851063
male,1994,34,2.0543478260869565
male,1994,35,1.375
male,1994,36,1.9024390243902438
male,1994,37,1.3085106382978724
male,1994,38,1.1095890410958904
male,1994,39,1.6
male,1994,40,2.4714285714285715
male,1994,41,1.5454545454545454
male,1994,42,1.92
male,1994,43,2.716417910447761
male,1994,44,2.476923076923077
male,1994,45,1.671641791044776
male,1994,46,1.662162162162162
male,1994,47,1.6
male,1994,48,1.4852941176470589
male,1994,49,1.8923076923076922
male,1994,50,2.338709677419355
male,1994,51,2.485294117647059
male,1994,52,1.8115942028985508
male,1994,53,1.169811320754717
male,1994,54,2.306122448979592
male,1994,55,1.4814814814814814
male,1994,56,1.7678571428571428
male,1994,57,1.6153846153846154
male,1994,58,1.7804878048780488
male,1994,59,1.5555555555555556
male,1994,60,1.75
male,1994,61,1.45
male,1994,62,1.1904761904761905
male,1994,63,2.048780487804878
male,1994,64,1
male,1994,65,1.2115384615384615
male,1994,66,0.9069767441860465
male,1994,67,0.6829268292682927
male,1994,68,0.9024390243902439
male,1994,69,2.6176470588235294
male,1994,70,1.06
male,1994,71,1.6153846153846154
male,1994,72,2.081081081081081
male,1994,73,0.6944444444444444
male,1994,74,1.1538461538461537
male,1994,75,1.84
male,1994,76,1.263157894736842
male,1994,77,2
male,1994,78,1.2777777777777777
male,1994,79,0.9333333333333333
male,1994,80,2
male,1994,81,1.2
male,1994,82,1.6842105263157894
male,1994,83,1.1428571428571428
male,1994,84,0.9090909090909091
male,1994,85,2.7777777777777777
male,1994,86,1.0909090909090908
male,1994,87,2.2857142857142856
male,1994,88,2.75
male,1994,89,2
male,1994,90,2
male,1994,91,2.3333333333333335
male,1994,92,0
male,1994,93,NaN
male,1994,94,0.5
male,1995,15,1.4545454545454546
male,1995,16,1.164179104477612
male,1995,17,1.4262295081967213
male,1995,18,1.0746268656716418
male,1995,19,1.5679012345679013
male,1995,20,1.4945054945054945
male,1995,21,1.0721649484536082
male,1995,22,1.103896103896104
male,1995,23,1.6582278481012658
male,1995,24,1.2142857142857142
male,1995,25,1.7468354430379747
male,1995,26,1.5492957746478873
male,1995,27,1.625
male,1995,28,1.5263157894736843
male,1995,29,0.8311688311688312
male,1995,30,1.8387096774193548
male,1995,31,1.8080808080808082
male,1995,32,2.2666666666666666
male,1995,33,1.558139534883721
male,1995,34,2.2421052631578946
male,1995,35,2.146067415730337
male,1995,36,1.4935064935064934
male,1995,37,1.8024691358024691
male,1995,38,1.8024691358024691
male,1995,39,1.2602739726027397
male,1995,40,1.3692307692307693
male,1995,41,1.6231884057971016
male,1995,42,1.4754098360655739
male,1995,43,2.4342105263157894
male,1995,44,1.9166666666666667
male,1995,45,2.265625
male,1995,46,1.564516129032258
male,1995,47,1.6666666666666667
male,1995,48,1.4752475247524752
male,1995,49,1.380952380952381
male,1995,50,2.4
male,1995,51,2.4285714285714284
male,1995,52,2.65
male,1995,53,1.671641791044776
male,1995,54,1.391304347826087
male,1995,55,1.72
male,1995,56,1.6607142857142858
male,1995,57,1.6603773584905661
male,1995,58,1.631578947368421
male,1995,59,1.5476190476190477
male,1995,60,1.225
male,1995,61,1.1162790697674418
male,1995,62,1.0263157894736843
male,1995,63,1.1428571428571428
male,1995,64,1.1627906976744187
male,1995,65,1.3
male,1995,66,0.9038461538461539
male,1995,67,1
male,1995,68,0.5581395348837209
male,1995,69,0.9024390243902439
male,1995,70,1.064516129032258
male,1995,71,2.2325581395348837
male,1995,72,1.6904761904761905
male,1995,73,1.9444444444444444
male,1995,74,0.7419354838709677
male,1995,75,1.2121212121212122
male,1995,76,1.8
male,1995,77,0.6818181818181818
male,1995,78,1.6470588235294117
male,1995,79,1.3529411764705883
male,1995,80,2.375
male,1995,81,1.5
male,1995,82,2.0714285714285716
male,1995,83,1.7333333333333334
male,1995,84,0
male,1995,85,1.2857142857142858
male,1995,86,2.75
male,1995,87,2.5555555555555554
male,1995,88,1.6666666666666667
male,1995,89,1
male,1995,90,0
male,1995,91,0
male,1995,92,4
male,1995,93,NaN
male,1995,95,0
male,1996,15,1.1818181818181819
male,1996,16,1.2164948453608246
male,1996,17,1.1830985915492958
male,1996,18,1.1451612903225807
male,1996,19,1.5897435897435896
male,1996,20,1.8414634146341464
male,1996,21,1.6630434782608696
male,1996,22,1.5952380952380953
male,1996,23,1.2222222222222223
male,1996,24,1.4615384615384615
male,1996,25,1.2747252747252746
male,1996,26,1.4523809523809523
male,1996,27,1.8072289156626506
male,1996,28,1.6875
male,1996,29,1.0116279069767442
male,1996,30,1.7209302325581395
male,1996,31,2.021978021978022
male,1996,32,2
male,1996,33,1.9487179487179487
male,1996,34,1.6263736263736264
male,1996,35,2.03
male,1996,36,1.511111111111111
male,1996,37,1.4871794871794872
male,1996,38,1.548780487804878
male,1996,39,1.9310344827586208
male,1996,40,1.6933333333333334
male,1996,41,2.090909090909091
male,1996,42,1.7142857142857142
male,1996,43,1.467741935483871
male,1996,44,2.027027027027027
male,1996,45,2.380952380952381
male,1996,46,2.1639344262295084
male,1996,47,1.6911764705882353
male,1996,48,1.7564102564102564
male,1996,49,1.1862745098039216
male,1996,50,1.540983606557377
male,1996,51,1.9672131147540983
male,1996,52,2.076923076923077
male,1996,53,2.19672131147541
male,1996,54,1.8484848484848484
male,1996,55,1.6170212765957446
male,1996,56,1.8846153846153846
male,1996,57,1.5957446808510638
male,1996,58,1.8269230769230769
male,1996,59,1.5384615384615385
male,1996,60,1.5555555555555556
male,1996,61,1.1794871794871795
male,1996,62,1
male,1996,63,0.9714285714285714
male,1996,64,1.8571428571428572
male,1996,65,1.3863636363636365
male,1996,66,0.9722222222222222
male,1996,67,0.56
male,1996,68,1.1
male,1996,69,1.2954545454545454
male,1996,70,1.4
male,1996,71,1.375
male,1996,72,1.3170731707317074
male,1996,73,1.088235294117647
male,1996,74,1.6774193548387097
male,1996,75,1.0285714285714285
male,1996,76,0.9354838709677419
male,1996,77,2.238095238095238
male,1996,78,0.5
male,1996,79,1.8571428571428572
male,1996,80,1.8235294117647058
male,1996,81,0.46153846153846156
male,1996,82,0.8461538461538461
male,1996,83,1.5
male,1996,84,2.142857142857143
male,1996,85,2.6
male,1996,86,2.5
male,1996,87,2.875
male,1996,88,3.857142857142857
male,1996,89,0.7142857142857143
male,1996,90,NaN
male,1996,91,0.5
male,1996,92,2
male,1996,94,8
male,1996,96,0
male,1997,15,1.9285714285714286
male,1997,16,1.1851851851851851
male,1997,17,1.625
male,1997,18,1.2597402597402598
male,1997,19,1.56
male,1997,20,1.0918367346938775
male,1997,21,1.6404494382022472
male,1997,22,1.8709677419354838
male,1997,23,1.33
male,1997,24,1.469387755102041
male,1997,25,1.65625
male,1997,26,1.443298969072165
male,1997,27,1.854368932038835
male,1997,28,1.7019230769230769
male,1997,29,1.6233766233766234
male,1997,30,1.5576923076923077
male,1997,31,1.7058823529411764
male,1997,32,1.5727272727272728
male,1997,33,1.7894736842105263
male,1997,34,1.489795918367347
male,1997,35,1.8617021276595744
male,1997,36,1.3114754098360655
male,1997,37,2.1944444444444446
male,1997,38,1.053191489361702
male,1997,39,1.305263157894737
male,1997,40,2.350515463917526
male,1997,41,2.101123595505618
male,1997,42,1.4857142857142858
male,1997,43,1.8214285714285714
male,1997,44,1.3194444444444444
male,1997,45,1.6705882352941177
male,1997,46,1.7887323943661972
male,1997,47,1.9866666666666666
male,1997,48,1.6962025316455696
male,1997,49,2.108433734939759
male,1997,50,1.3135593220338984
male,1997,51,1.338235294117647
male,1997,52,2.183333333333333
male,1997,53,1.7424242424242424
male,1997,54,1.9487179487179487
male,1997,55,1.7469879518072289
male,1997,56,1.1607142857142858
male,1997,57,1.6071428571428572
male,1997,58,1.4150943396226414
male,1997,59,2.2698412698412698
male,1997,60,1.9583333333333333
male,1997,61,1.872340425531915
male,1997,62,0.8235294117647058
male,1997,63,1.9215686274509804
male,1997,64,1.7826086956521738
male,1997,65,1.0769230769230769
male,1997,66,0.92
male,1997,67,1.930232558139535
male,1997,68,1.0441176470588236
male,1997,69,0.8571428571428571
male,1997,70,0.7346938775510204
male,1997,71,1.5918367346938775
male,1997,72,2.2448979591836733
male,1997,73,1.6363636363636365
male,1997,74,0.8611111111111112
male,1997,75,1.8
male,1997,76,1.3333333333333333
male,1997,77,1.9444444444444444
male,1997,78,1.7741935483870968
male,1997,79,0.4444444444444444
male,1997,80,1.4444444444444444
male,1997,81,1.6470588235294117
male,1997,82,0.8888888888888888
male,1997,83,0.9375
male,1997,84,2.3333333333333335
male,1997,85,1.3529411764705883
male,1997,86,2.75
male,1997,87,0.8571428571428571
male,1997,88,2.8333333333333335
male,1997,89,1.3333333333333333
male,1997,90,0.5
male,1997,92,3.5
male,1997,93,0
male,1997,95,NaN
male,1997,97,0
male,1998,15,1.0909090909090908
male,1998,16,1.2555555555555555
male,1998,17,1.641025641025641
male,1998,18,1.4946236559139785
male,1998,19,1.8354430379746836
male,1998,20,1.619047619047619
male,1998,21,1.3333333333333333
male,1998,22,1.5696202531645569
male,1998,23,1.388235294117647
male,1998,24,1.2045454545454546
male,1998,25,1.1145833333333333
male,1998,26,1.127659574468085
male,1998,27,1.3571428571428572
male,1998,28,1.54
male,1998,29,1.907216494845361
male,1998,30,2.026315789473684
male,1998,31,1.46875
male,1998,32,1.5333333333333334
male,1998,33,1.4351851851851851
male,1998,34,1.8681318681318682
male,1998,35,2.4105263157894736
male,1998,36,2.0113636363636362
male,1998,37,1.7391304347826086
male,1998,38,2.0350877192982457
male,1998,39,1.5777777777777777
male,1998,40,1.978021978021978
male,1998,41,2.0625
male,1998,42,1.9318181818181819
male,1998,43,1.3636363636363635
male,1998,44,2.0121951219512195
male,1998,45,1.63013698630137
male,1998,46,1.6829268292682926
male,1998,47,2.6956521739130435
male,1998,48,1.7397260273972603
male,1998,49,1.7611940298507462
male,1998,50,2.1882352941176473
male,1998,51,1.0357142857142858
male,1998,52,1.1571428571428573
male,1998,53,1.8181818181818181
male,1998,54,1.0634920634920635
male,1998,55,1.9714285714285715
male,1998,56,1.3974358974358974
male,1998,57,1.1454545454545455
male,1998,58,1.8076923076923077
male,1998,59,1.3103448275862069
male,1998,60,1.8793103448275863
male,1998,61,0.9545454545454546
male,1998,62,2
male,1998,63,0.8888888888888888
male,1998,64,0.9821428571428571
male,1998,65,1.975609756097561
male,1998,66,1.3846153846153846
male,1998,67,1.1636363636363636
male,1998,68,1.1282051282051282
male,1998,69,1.1147540983606556
male,1998,70,1.2340425531914894
male,1998,71,0.6530612244897959
male,1998,72,1.1875
male,1998,73,1.8780487804878048
male,1998,74,1.6666666666666667
male,1998,75,0.8205128205128205
male,1998,76,2.393939393939394
male,1998,77,1.2105263157894737
male,1998,78,1.8333333333333333
male,1998,79,0.7916666666666666
male,1998,80,1.4444444444444444
male,1998,81,1.8666666666666667
male,1998,82,1.2222222222222223
male,1998,83,1.4375
male,1998,84,0.9285714285714286
male,1998,85,0.5
male,1998,86,3.6153846153846154
male,1998,87,1.25
male,1998,88,2.25
male,1998,89,1.1428571428571428
male,1998,90,0.8333333333333334
male,1998,91,2
male,1998,93,3.5
male,1998,94,0
male,1999,15,0.6
male,1999,16,1.1610169491525424
male,1999,17,0.8518518518518519
male,1999,18,1.4862385321100917
male,1999,19,1.675
male,1999,20,1.5909090909090908
male,1999,21,1.4375
male,1999,22,1.5048543689320388
male,1999,23,1.3894736842105264
male,1999,24,1.2241379310344827
male,1999,25,1.503875968992248
male,1999,26,1.1875
male,1999,27,1.2920353982300885
male,1999,28,1.2238805970149254
male,1999,29,1.2677165354330708
male,1999,30,1.71900826446281
male,1999,31,1.2619047619047619
male,1999,32,1.6888888888888889
male,1999,33,1.167883211678832
male,1999,34,1.380952380952381
male,1999,35,1.9701492537313432
male,1999,36,1.7006802721088434
male,1999,37,2.0575539568345325
male,1999,38,1.7046979865771812
male,1999,39,2.047945205479452
male,1999,40,1.6097560975609757
male,1999,41,2.0403225806451615
male,1999,42,2.1147540983606556
male,1999,43,2.253968253968254
male,1999,44,1.0196078431372548
male,1999,45,2.171171171171171
male,1999,46,1.5816326530612246
male,1999,47,1.6666666666666667
male,1999,48,2.190909090909091
male,1999,49,1.7272727272727273
male,1999,50,1.7127659574468086
male,1999,51,2.0869565217391304
male,1999,52,1.2333333333333334
male,1999,53,1.3894736842105264
male,1999,54,1.7040816326530612
male,1999,55,1.869047619047619
male,1999,56,1.5740740740740742
male,1999,57,1.6057692307692308
male,1999,58,1.9397590361445782
male,1999,59,1.5384615384615385
male,1999,60,1.8255813953488371
male,1999,61,2.086021505376344
male,1999,62,1.5
male,1999,63,2
male,1999,64,1
male,1999,65,1.208955223880597
male,1999,66,1.2727272727272727
male,1999,67,1.5844155844155845
male,1999,68,1.2027027027027026
male,1999,69,1.196969696969697
male,1999,70,0.9886363636363636
male,1999,71,1.0833333333333333
male,1999,72,1.0657894736842106
male,1999,73,1.3064516129032258
male,1999,74,1.5964912280701755
male,1999,75,1.9642857142857142
male,1999,76,1.5686274509803921
male,1999,77,2.3653846153846154
male,1999,78,1.1929824561403508
male,1999,79,1.575
male,1999,80,1.542857142857143
male,1999,81,0.8214285714285714
male,1999,82,2.111111111111111
male,1999,83,1.7058823529411764
male,1999,84,1.4705882352941178
male,1999,85,1.2666666666666666
male,1999,86,1.25
male,1999,87,1.8571428571428572
male,1999,88,2.3333333333333335
male,1999,89,1.1666666666666667
male,1999,90,0.4
male,1999,91,2.75
male,1999,92,1
male,1999,94,2
male,1999,95,0
male,1999,NA,NaN
male,2e3,15,1.5833333333333333
male,2e3,16,1.0403225806451613
male,2e3,17,1.4690265486725664
male,2e3,18,1.036697247706422
male,2e3,19,2.0285714285714285
male,2e3,20,1.536764705882353
male,2e3,21,1.7142857142857142
male,2e3,22,1.5463917525773196
male,2e3,23,1.891089108910891
male,2e3,24,1.8571428571428572
male,2e3,25,1.5299145299145298
male,2e3,26,1.4146341463414633
male,2e3,27,1.356060606060606
male,2e3,28,1.5317460317460319
male,2e3,29,1.3692307692307693
male,2e3,30,1.4789915966386555
male,2e3,31,1.5294117647058822
male,2e3,32,1.635036496350365
male,2e3,33,1.702290076335878
male,2e3,34,1.3577235772357723
male,2e3,35,1.5103448275862068
male,2e3,36,1.6814814814814816
male,2e3,37,1.8273381294964028
male,2e3,38,1.8384615384615384
male,2e3,39,1.965986394557823
male,2e3,40,1.9726027397260273
male,2e3,41,1.5703125
male,2e3,42,2.16260162601626
male,2e3,43,1.8650793650793651
male,2e3,44,1.6890756302521008
male,2e3,45,1.971698113207547
male,2e3,46,1.6176470588235294
male,2e3,47,1.6460176991150441
male,2e3,48,1.8583333333333334
male,2e3,49,1.88
male,2e3,50,1.77
male,2e3,51,1.6774193548387097
male,2e3,52,2.2580645161290325
male,2e3,53,1.38
male,2e3,54,1.1720430107526882
male,2e3,55,1.9473684210526316
male,2e3,56,2.2261904761904763
male,2e3,57,1.6415094339622642
male,2e3,58,1.6355140186915889
male,2e3,59,1.8024691358024691
male,2e3,60,1.4444444444444444
male,2e3,61,1.2209302325581395
male,2e3,62,1.8181818181818181
male,2e3,63,1.5949367088607596
male,2e3,64,2.2203389830508473
male,2e3,65,0.8333333333333334
male,2e3,66,1.5797101449275361
male,2e3,67,1.1666666666666667
male,2e3,68,0.6944444444444444
male,2e3,69,1.6027397260273972
male,2e3,70,1.5285714285714285
male,2e3,71,1.375
male,2e3,72,1.7049180327868851
male,2e3,73,1.164179104477612
male,2e3,74,1.6290322580645162
male,2e3,75,1.7818181818181817
male,2e3,76,2.272727272727273
male,2e3,77,1.32
male,2e3,78,2.3636363636363638
male,2e3,79,1.6956521739130435
male,2e3,80,1.5384615384615385
male,2e3,81,1.2903225806451613
male,2e3,82,1.1111111111111112
male,2e3,83,2.857142857142857
male,2e3,84,1.619047619047619
male,2e3,85,1.9230769230769231
male,2e3,86,2.0833333333333335
male,2e3,87,0.75
male,2e3,88,1.7142857142857142
male,2e3,89,2.5714285714285716
male,2e3,90,2.4
male,2e3,91,2
male,2e3,92,3
male,2e3,93,1.6666666666666667
male,2e3,95,5.5
male,2001,15,1.7666666666666666
male,2001,16,0.8979591836734694
male,2001,17,1.106060606060606
male,2001,18,1.4959349593495934
male,2001,19,1.221476510067114
male,2001,20,1.7235772357723578
male,2001,21,1.7142857142857142
male,2001,22,1.6833333333333333
male,2001,23,1.385321100917431
male,2001,24,1.4960629921259843
male,2001,25,1.543103448275862
male,2001,26,1.6893939393939394
male,2001,27,1.2954545454545454
male,2001,28,1.2774193548387096
male,2001,29,1.4202898550724639
male,2001,30,1.375
male,2001,31,1.9873417721518987
male,2001,32,1.5273972602739727
male,2001,33,1.849056603773585
male,2001,34,1.3666666666666667
male,2001,35,1.6496815286624205
male,2001,36,1.715846994535519
male,2001,37,1.8333333333333333
male,2001,38,1.869281045751634
male,2001,39,2.1543624161073827
male,2001,40,2.158469945355191
male,2001,41,2.050632911392405
male,2001,42,1.7105263157894737
male,2001,43,1.7183098591549295
male,2001,44,1.8413793103448275
male,2001,45,1.9929577464788732
male,2001,46,1.8852459016393444
male,2001,47,1.9921875
male,2001,48,1.4416666666666667
male,2001,49,1.9411764705882353
male,2001,50,1.8067226890756303
male,2001,51,1.96875
male,2001,52,1.4741379310344827
male,2001,53,1.949579831932773
male,2001,54,1.327485380116959
male,2001,55,1.763157894736842
male,2001,56,1.5729166666666667
male,2001,57,1.9391304347826086
male,2001,58,2.1739130434782608
male,2001,59,1.75
male,2001,60,1.34
male,2001,61,1.8333333333333333
male,2001,62,1.2526315789473683
male,2001,63,1.5728155339805825
male,2001,64,1.28125
male,2001,65,1.5384615384615385
male,2001,66,1.3555555555555556
male,2001,67,1.388235294117647
male,2001,68,1.2388059701492538
male,2001,69,0.9534883720930233
male,2001,70,1.1348314606741574
male,2001,71,1.0277777777777777
male,2001,72,1.4946236559139785
male,2001,73,0.8961038961038961
male,2001,74,1.3857142857142857
male,2001,75,2.1076923076923078
male,2001,76,1.8363636363636364
male,2001,77,1.5
male,2001,78,1.7966101694915255
male,2001,79,2.0952380952380953
male,2001,80,2.0357142857142856
male,2001,81,2.1702127659574466
male,2001,82,1.6764705882352942
male,2001,83,1.4
male,2001,84,2.466666666666667
male,2001,85,1.0666666666666667
male,2001,86,0.9333333333333333
male,2001,87,2.8181818181818183
male,2001,88,2.1666666666666665
male,2001,89,1.3333333333333333
male,2001,90,1.75
male,2001,91,2.142857142857143
male,2001,92,2.5
male,2001,93,5
male,2001,94,3.8
male,2002,15,0.5833333333333334
male,2002,16,1.0930232558139534
male,2002,17,1.4047619047619047
male,2002,18,0.9801980198019802
male,2002,19,1.6972477064220184
male,2002,20,2.034782608695652
male,2002,21,1.7142857142857142
male,2002,22,1.6271186440677967
male,2002,23,1.3888888888888888
male,2002,24,1.8850574712643677
male,2002,25,1.6637931034482758
male,2002,26,1.5612244897959184
male,2002,27,1.435897435897436
male,2002,28,1.2950819672131149
male,2002,29,1.3410852713178294
male,2002,30,1.15625
male,2002,31,1.4954128440366972
male,2002,32,1.1870503597122302
male,2002,33,1.7264150943396226
male,2002,34,1.674074074074074
male,2002,35,1.4177215189873418
male,2002,36,2
male,2002,37,1.8
male,2002,38,1.6666666666666667
male,2002,39,2.0217391304347827
male,2002,40,1.935251798561151
male,2002,41,1.8344827586206895
male,2002,42,1.828358208955224
male,2002,43,1.53125
male,2002,44,1.921259842519685
male,2002,45,2.0155038759689923
male,2002,46,1.937984496124031
male,2002,47,1.6702127659574468
male,2002,48,2.0672268907563027
male,2002,49,1.4166666666666667
male,2002,50,1.6017699115044248
male,2002,51,1.7184466019417475
male,2002,52,1.5555555555555556
male,2002,53,1.696078431372549
male,2002,54,1.7837837837837838
male,2002,55,1.6
male,2002,56,1.2427184466019416
male,2002,57,1.4943820224719102
male,2002,58,1.97979797979798
male,2002,59,2.2795698924731185
male,2002,60,1.6635514018691588
male,2002,61,1.1954022988505748
male,2002,62,1.8795180722891567
male,2002,63,1.625
male,2002,64,1.2903225806451613
male,2002,65,0.825
male,2002,66,1.4852941176470589
male,2002,67,0.8481012658227848
male,2002,68,0.8472222222222222
male,2002,69,1
male,2002,70,1.1
male,2002,71,0.9594594594594594
male,2002,72,1.3623188405797102
male,2002,73,1.5443037974683544
male,2002,74,1.492063492063492
male,2002,75,0.847457627118644
male,2002,76,2.061224489795918
male,2002,77,1.5813953488372092
male,2002,78,1.5
male,2002,79,1.972972972972973
male,2002,80,1.7333333333333334
male,2002,81,1.5333333333333334
male,2002,82,1.457142857142857
male,2002,83,2.272727272727273
male,2002,84,1.3333333333333333
male,2002,85,2.1538461538461537
male,2002,86,1.8333333333333333
male,2002,87,1.5
male,2002,88,0.75
male,2002,89,1.2
male,2002,90,3.3333333333333335
male,2002,91,0.5
male,2002,92,4.166666666666667
male,2002,93,0.5
male,2002,95,2.4
male,2002,97,NaN
male,2003,15,1.4545454545454546
male,2003,16,1.1343283582089552
male,2003,17,1.1982758620689655
male,2003,18,1.4102564102564104
male,2003,19,1.287037037037037
male,2003,20,1.5925925925925926
male,2003,21,1.9423076923076923
male,2003,22,1.2604166666666667
male,2003,23,1.6974789915966386
male,2003,24,1.3535353535353536
male,2003,25,1.3291139240506329
male,2003,26,1.794392523364486
male,2003,27,1.592920353982301
male,2003,28,1.3693693693693694
male,2003,29,1.3714285714285714
male,2003,30,1.6838235294117647
male,2003,31,1.3559322033898304
male,2003,32,1.2113821138211383
male,2003,33,1.7086614173228347
male,2003,34,1.7818181818181817
male,2003,35,1.2307692307692308
male,2003,36,1.437956204379562
male,2003,37,1.664
male,2003,38,1.2091503267973855
male,2003,39,1.489051094890511
male,2003,40,2
male,2003,41,2.0694444444444446
male,2003,42,1.7659574468085106
male,2003,43,1.7419354838709677
male,2003,44,1.128
male,2003,45,1.5390625
male,2003,46,1.937984496124031
male,2003,47,1.9913793103448276
male,2003,48,1.6534653465346534
male,2003,49,1.6
male,2003,50,1.08
male,2003,51,1.5391304347826087
male,2003,52,1.4489795918367347
male,2003,53,1.3981481481481481
male,2003,54,1.7864077669902914
male,2003,55,1.4862385321100917
male,2003,56,1.5524475524475525
male,2003,57,1
male,2003,58,1.2530120481927711
male,2003,59,1.4842105263157894
male,2003,60,2.0816326530612246
male,2003,61,1.06
male,2003,62,0.9012345679012346
male,2003,63,1.3513513513513513
male,2003,64,1.408450704225352
male,2003,65,1.0769230769230769
male,2003,66,0.6527777777777778
male,2003,67,1.4705882352941178
male,2003,68,0.9428571428571428
male,2003,69,1.2361111111111112
male,2003,70,1.15625
male,2003,71,1.671875
male,2003,72,1.1690140845070423
male,2003,73,1.4444444444444444
male,2003,74,1.7532467532467533
male,2003,75,1.6557377049180328
male,2003,76,1.152542372881356
male,2003,77,1.711111111111111
male,2003,78,1.7142857142857142
male,2003,79,1.4285714285714286
male,2003,80,2.2439024390243905
male,2003,81,2.1666666666666665
male,2003,82,1.5365853658536586
male,2003,83,2
male,2003,84,2.823529411764706
male,2003,85,0.9411764705882353
male,2003,86,1.8
male,2003,87,1.4166666666666667
male,2003,88,4.111111111111111
male,2003,89,0.8
male,2003,90,2
male,2003,91,9
male,2003,92,0
male,2003,93,0.75
male,2003,94,0.5
male,2003,96,0.5
male,2004,15,1.5769230769230769
male,2004,16,1.202020202020202
male,2004,17,1.3495934959349594
male,2004,18,1.1111111111111112
male,2004,19,1.1938775510204083
male,2004,20,1.150943396226415
male,2004,21,1.711340206185567
male,2004,22,1.690721649484536
male,2004,23,1.3222222222222222
male,2004,24,1.4796747967479675
male,2004,25,1.510204081632653
male,2004,26,1.3647058823529412
male,2004,27,1.8762886597938144
male,2004,28,1.7747747747747749
male,2004,29,1.5
male,2004,30,1.4912280701754386
male,2004,31,1.1176470588235294
male,2004,32,1.1938775510204083
male,2004,33,1.2735042735042734
male,2004,34,1.4015151515151516
male,2004,35,1.7156862745098038
male,2004,36,1.568
male,2004,37,1.2083333333333333
male,2004,38,1.7
male,2004,39,1.0405405405405406
male,2004,40,1.5037037037037038
male,2004,41,1.9609375
male,2004,42,1.5454545454545454
male,2004,43,2.09375
male,2004,44,1.4918032786885247
male,2004,45,1.452991452991453
male,2004,46,1.7394957983193278
male,2004,47,1.9017857142857142
male,2004,48,1.99009900990099
male,2004,49,1.1473684210526316
male,2004,50,1.4215686274509804
male,2004,51,1.4565217391304348
male,2004,52,1.4444444444444444
male,2004,53,1.98
male,2004,54,1.57
male,2004,55,2.0869565217391304
male,2004,56,1.5398230088495575
male,2004,57,1.1044776119402986
male,2004,58,1.2087912087912087
male,2004,59,1.0512820512820513
male,2004,60,1.5294117647058822
male,2004,61,2.119047619047619
male,2004,62,1.3085106382978724
male,2004,63,1.408450704225352
male,2004,64,1.4444444444444444
male,2004,65,1.32
male,2004,66,1.2891566265060241
male,2004,67,0.9420289855072463
male,2004,68,1.2105263157894737
male,2004,69,0.8923076923076924
male,2004,70,1.0615384615384615
male,2004,71,1.2413793103448276
male,2004,72,1.6865671641791045
male,2004,73,0.8059701492537313
male,2004,74,1.2321428571428572
male,2004,75,1.462686567164179
male,2004,76,1.5925925925925926
male,2004,77,1.125
male,2004,78,2.4324324324324325
male,2004,79,2.2666666666666666
male,2004,80,1.5714285714285714
male,2004,81,1.7777777777777777
male,2004,82,2.4545454545454546
male,2004,83,2.1176470588235294
male,2004,84,1.1428571428571428
male,2004,85,2.0625
male,2004,86,1.9333333333333333
male,2004,87,3.4285714285714284
male,2004,88,1.4545454545454546
male,2004,89,1.1666666666666667
male,2004,90,2.1666666666666665
male,2004,91,0.5
male,2004,92,NaN
male,2004,93,0
male,2004,94,3
male,2004,95,1
male,2004,97,1
male,2005,15,1.2142857142857142
male,2005,16,1.4919354838709677
male,2005,17,1.457142857142857
male,2005,18,1.2820512820512822
male,2005,19,1.5604395604395604
male,2005,20,1.6306306306306306
male,2005,21,1.7473684210526317
male,2005,22,1.8673469387755102
male,2005,23,1.9411764705882353
male,2005,24,1.4042553191489362
male,2005,25,1.7355371900826446
male,2005,26,1.81
male,2005,27,1.2727272727272727
male,2005,28,1.9230769230769231
male,2005,29,1.5566037735849056
male,2005,30,1.6415094339622642
male,2005,31,1.5423728813559323
male,2005,32,1.7719298245614035
male,2005,33,1.5233644859813085
male,2005,34,1.546218487394958
male,2005,35,1
male,2005,36,1.5425531914893618
male,2005,37,1.5426356589147288
male,2005,38,1.75
male,2005,39,1.3495934959349594
male,2005,40,1.2734375
male,2005,41,1.7421875
male,2005,42,2.1403508771929824
male,2005,43,1.6470588235294117
male,2005,44,2.0504201680672267
male,2005,45,1.6916666666666667
male,2005,46,1.0442477876106195
male,2005,47,1.9009009009009008
male,2005,48,2.0086206896551726
male,2005,49,1.8613861386138615
male,2005,50,1.1808510638297873
male,2005,51,1.4787234042553192
male,2005,52,1.6521739130434783
male,2005,53,1.3703703703703705
male,2005,54,1.2947368421052632
male,2005,55,1.4747474747474747
male,2005,56,1.8837209302325582
male,2005,57,1.330188679245283
male,2005,58,1.3333333333333333
male,2005,59,0.9518072289156626
male,2005,60,0.9027777777777778
male,2005,61,1.1604938271604939
male,2005,62,2.1379310344827585
male,2005,63,1.6
male,2005,64,1.5135135135135136
male,2005,65,1.155844155844156
male,2005,66,0.8873239436619719
male,2005,67,1.25
male,2005,68,0.6666666666666666
male,2005,69,1.4642857142857142
male,2005,70,1.2063492063492063
male,2005,71,0.7627118644067796
male,2005,72,1.0526315789473684
male,2005,73,1.5166666666666666
male,2005,74,0.9692307692307692
male,2005,75,1.320754716981132
male,2005,76,2.081967213114754
male,2005,77,1.9215686274509804
male,2005,78,1.5272727272727273
male,2005,79,2.096774193548387
male,2005,80,1.7037037037037037
male,2005,81,1.7297297297297298
male,2005,82,2.9285714285714284
male,2005,83,2.1904761904761907
male,2005,84,1.9655172413793103
male,2005,85,1.7222222222222223
male,2005,86,2.25
male,2005,87,0.75
male,2005,88,2
male,2005,89,2.1666666666666665
male,2005,90,1.4
male,2005,91,0.3333333333333333
male,2005,92,0
male,2005,94,0
male,2005,95,NaN
male,2005,96,8
male,2005,98,2
male,2006,15,1.6666666666666667
male,2006,16,1.146341463414634
male,2006,17,1.3245614035087718
male,2006,18,1.1702127659574468
male,2006,19,1.5420560747663552
male,2006,20,1.3645833333333333
male,2006,21,1.5247524752475248
male,2006,22,1.092783505154639
male,2006,23,1.5591397849462365
male,2006,24,1.2359550561797752
male,2006,25,1.8072289156626506
male,2006,26,1.3333333333333333
male,2006,27,2.042105263157895
male,2006,28,0.9887640449438202
male,2006,29,1.7959183673469388
male,2006,30,1.2197802197802199
male,2006,31,1.766990291262136
male,2006,32,1.2831858407079646
male,2006,33,1.3793103448275863
male,2006,34,1.2452830188679245
male,2006,35,1.4579439252336448
male,2006,36,1.2903225806451613
male,2006,37,1.7333333333333334
male,2006,38,1.7226890756302522
male,2006,39,1.5238095238095237
male,2006,40,1.2540983606557377
male,2006,41,1.3157894736842106
male,2006,42,1.6341463414634145
male,2006,43,1.9322033898305084
male,2006,44,1.5245901639344261
male,2006,45,1.7916666666666667
male,2006,46,1.6936936936936937
male,2006,47,1.6160714285714286
male,2006,48,2.144144144144144
male,2006,49,1.3831775700934579
male,2006,50,1.5353535353535352
male,2006,51,1.1720430107526882
male,2006,52,2.108695652173913
male,2006,53,1.4216867469879517
male,2006,54,1.4368932038834952
male,2006,55,1.9183673469387754
male,2006,56,1.3333333333333333
male,2006,57,2
male,2006,58,1.488888888888889
male,2006,59,1.4962406015037595
male,2006,60,0.8953488372093024
male,2006,61,1.1971830985915493
male,2006,62,1.617283950617284
male,2006,63,2.0232558139534884
male,2006,64,1.2234042553191489
male,2006,65,1.0845070422535212
male,2006,66,1.0144927536231885
male,2006,67,1.3150684931506849
male,2006,68,1.36
male,2006,69,0.4264705882352941
male,2006,70,1.7358490566037736
male,2006,71,0.8387096774193549
male,2006,72,1.5172413793103448
male,2006,73,1.3518518518518519
male,2006,74,1.6140350877192982
male,2006,75,1.359375
male,2006,76,0.8979591836734694
male,2006,77,1.5384615384615385
male,2006,78,1.8125
male,2006,79,1.7608695652173914
male,2006,80,2.75
male,2006,81,2.2083333333333335
male,2006,82,1.25
male,2006,83,1.8518518518518519
male,2006,84,3.05
male,2006,85,1.5238095238095237
male,2006,86,1.6666666666666667
male,2006,87,2.4285714285714284
male,2006,88,0.8461538461538461
male,2006,89,2
male,2006,90,3.5
male,2006,91,1
male,2006,92,3
male,2006,93,3
male,2006,95,9
male,2006,96,2.5
male,2006,97,0
male,2007,15,0.5263157894736842
male,2007,16,1.3410852713178294
male,2007,17,1.3421052631578947
male,2007,18,1.5963302752293578
male,2007,19,1.732394366197183
male,2007,20,1.35
male,2007,21,1.375
male,2007,22,1.553191489361702
male,2007,23,1.2375
male,2007,24,1.348314606741573
male,2007,25,1.3452380952380953
male,2007,26,1.3076923076923077
male,2007,27,1.4915254237288136
male,2007,28,1.7471264367816093
male,2007,29,1.6753246753246753
male,2007,30,1.5612244897959184
male,2007,31,1.4444444444444444
male,2007,32,1.8282828282828283
male,2007,33,1.6545454545454545
male,2007,34,1.3153153153153154
male,2007,35,1.485981308411215
male,2007,36,1.3272727272727274
male,2007,37,1.1833333333333333
male,2007,38,1.71875
male,2007,39,1.2773109243697478
male,2007,40,2.0166666666666666
male,2007,41,1.4603174603174602
male,2007,42,1.353846153846154
male,2007,43,1.5042735042735043
male,2007,44,2.0754716981132075
male,2007,45,1.6554621848739495
male,2007,46,1.8272727272727274
male,2007,47,1.4757281553398058
male,2007,48,1.7755102040816326
male,2007,49,1.925531914893617
male,2007,50,1.990909090909091
male,2007,51,1.7252747252747254
male,2007,52,1.8953488372093024
male,2007,53,1.4270833333333333
male,2007,54,1.5529411764705883
male,2007,55,1.4893617021276595
male,2007,56,1.4301075268817205
male,2007,57,1.2444444444444445
male,2007,58,1.627906976744186
male,2007,59,1.0309278350515463
male,2007,60,1.2777777777777777
male,2007,61,0.7532467532467533
male,2007,62,1.492537313432836
male,2007,63,1.5
male,2007,64,1.4545454545454546
male,2007,65,0.7045454545454546
male,2007,66,1.3692307692307693
male,2007,67,1.393939393939394
male,2007,68,1.1515151515151516
male,2007,69,1.1756756756756757
male,2007,70,0.640625
male,2007,71,1.52
male,2007,72,1.3064516129032258
male,2007,73,1.2884615384615385
male,2007,74,1.0769230769230769
male,2007,75,1.4482758620689655
male,2007,76,1.2833333333333334
male,2007,77,0.9772727272727273
male,2007,78,1.9807692307692308
male,2007,79,2.2195121951219514
male,2007,80,2.2954545454545454
male,2007,81,3.25
male,2007,82,2.0952380952380953
male,2007,83,1.391304347826087
male,2007,84,1.78125
male,2007,85,3.1666666666666665
male,2007,86,2.0526315789473686
male,2007,87,2.25
male,2007,88,4
male,2007,89,1.75
male,2007,90,4.857142857142857
male,2007,91,1
male,2007,92,1.5
male,2007,93,1
male,2007,94,NaN
male,2007,96,5
male,2007,97,0
male,2007,98,0
male,2008,15,1.0625
male,2008,16,0.9824561403508771
male,2008,17,1.7391304347826086
male,2008,18,1.297029702970297
male,2008,19,1.205607476635514
male,2008,20,1.917808219178082
male,2008,21,1.6526315789473685
male,2008,22,1.7794117647058822
male,2008,23,1.7011494252873562
male,2008,24,1.4615384615384615
male,2008,25,0.8571428571428571
male,2008,26,1.617283950617284
male,2008,27,1.619047619047619
male,2008,28,1.9917355371900827
male,2008,29,2
male,2008,30,1.4615384615384615
male,2008,31,1.846938775510204
male,2008,32,1.2857142857142858
male,2008,33,1.9166666666666667
male,2008,34,1.5326086956521738
male,2008,35,1.4913793103448276
male,2008,36,1.815217391304348
male,2008,37,1.3076923076923077
male,2008,38,1.6607142857142858
male,2008,39,1.6813186813186813
male,2008,40,1.5932203389830508
male,2008,41,1.6929824561403508
male,2008,42,1.9553571428571428
male,2008,43,1.217741935483871
male,2008,44,1.9557522123893805
male,2008,45,2.393939393939394
male,2008,46,1.456140350877193
male,2008,47,1.798165137614679
male,2008,48,1.881720430107527
male,2008,49,1.3541666666666667
male,2008,50,2.097826086956522
male,2008,51,1.88
male,2008,52,1.3932584269662922
male,2008,53,1.9090909090909092
male,2008,54,1.6352941176470588
male,2008,55,1.4146341463414633
male,2008,56,1.75
male,2008,57,1.4761904761904763
male,2008,58,0.9024390243902439
male,2008,59,1.5569620253164558
male,2008,60,1.8131868131868132
male,2008,61,1.6724137931034482
male,2008,62,0.782051282051282
male,2008,63,0.7735849056603774
male,2008,64,1.1408450704225352
male,2008,65,2.1265822784810124
male,2008,66,1.036144578313253
male,2008,67,1
male,2008,68,1.6349206349206349
male,2008,69,1.0769230769230769
male,2008,70,1.0277777777777777
male,2008,71,0.7068965517241379
male,2008,72,1.8604651162790697
male,2008,73,1.4827586206896552
male,2008,74,1
male,2008,75,1.6938775510204083
male,2008,76,1.3137254901960784
male,2008,77,1.2745098039215685
male,2008,78,0.7368421052631579
male,2008,79,2.0697674418604652
male,2008,80,2.1904761904761907
male,2008,81,1.945945945945946
male,2008,82,2.2857142857142856
male,2008,83,1.4
male,2008,84,1.1538461538461537
male,2008,85,2.3529411764705883
male,2008,86,3.642857142857143
male,2008,87,2.2777777777777777
male,2008,88,2.625
male,2008,89,2.7777777777777777
male,2008,90,3.857142857142857
male,2008,91,3.25
male,2008,92,0.3333333333333333
male,2008,93,1.5
male,2008,94,4
male,2008,95,NaN
male,2008,97,1
NA,2006,16,NaN
NA,2006,17,NaN
NA,2006,18,NaN
NA,2006,19,NaN
NA,2006,20,NaN
NA,2006,21,NaN
NA,2006,22,NaN
NA,2006,23,NaN
NA,2006,24,NaN
NA,2006,25,NaN
NA,2006,26,NaN
NA,2006,27,NaN
NA,2006,28,NaN
NA,2006,29,NaN
NA,2006,30,NaN
NA,2006,31,NaN
NA,2006,32,NaN
NA,2006,33,NaN
NA,2006,34,NaN
NA,2006,35,NaN
NA,2006,36,NaN
NA,2006,37,NaN
NA,2006,38,NaN
NA,2006,39,NaN
NA,2006,40,NaN
NA,2006,41,NaN
NA,2006,42,NaN
NA,2006,43,NaN
NA,2006,44,NaN
NA,2006,45,NaN
NA,2006,46,NaN
NA,2006,47,NaN
NA,2006,48,NaN
NA,2006,49,NaN
NA,2006,50,NaN
NA,2006,51,NaN
NA,2006,52,NaN
NA,2006,53,NaN
NA,2006,54,NaN
NA,2006,55,NaN
NA,2006,56,NaN
NA,2006,57,NaN
NA,2006,58,NaN
NA,2006,59,NaN
NA,2006,60,NaN
NA,2006,61,NaN
NA,2006,62,NaN
NA,2006,63,NaN
NA,2006,64,NaN
NA,2006,65,NaN
NA,2006,66,NaN
NA,2006,67,NaN
NA,2006,68,NaN
NA,2006,69,NaN
NA,2006,70,NaN
NA,2006,71,NaN
NA,2006,72,NaN
NA,2006,73,NaN
NA,2006,74,NaN
NA,2006,75,NaN
NA,2006,76,NaN
NA,2006,77,NaN
NA,2006,78,NaN
NA,2006,79,NaN
NA,2006,81,NaN
NA,2006,82,NaN
NA,2006,83,NaN
NA,2006,85,NaN
NA,2006,86,NaN
NA,2006,87,NaN
NA,2007,16,NaN
NA,2007,17,NaN
NA,2007,18,NaN
NA,2007,19,NaN
NA,2007,20,NaN
NA,2007,21,NaN
NA,2007,22,NaN
NA,2007,23,NaN
NA,2007,24,NaN
NA,2007,25,NaN
NA,2007,26,NaN
NA,2007,27,NaN
NA,2007,28,NaN
NA,2007,29,NaN
NA,2007,30,NaN
NA,2007,31,NaN
NA,2007,32,NaN
NA,2007,33,NaN
NA,2007,34,NaN
NA,2007,35,NaN
NA,2007,36,NaN
NA,2007,37,NaN
NA,2007,38,NaN
NA,2007,39,NaN
NA,2007,40,NaN
NA,2007,41,NaN
NA,2007,42,NaN
NA,2007,43,NaN
NA,2007,44,NaN
NA,2007,45,NaN
NA,2007,46,NaN
NA,2007,47,NaN
NA,2007,48,NaN
NA,2007,49,NaN
NA,2007,50,NaN
NA,2007,51,NaN
NA,2007,52,NaN
NA,2007,53,NaN
NA,2007,54,NaN
NA,2007,55,NaN
NA,2007,56,NaN
NA,2007,57,NaN
NA,2007,58,NaN
NA,2007,59,NaN
NA,2007,60,NaN
NA,2007,61,NaN
NA,2007,62,NaN
NA,2007,63,NaN
NA,2007,64,NaN
NA,2007,65,NaN
NA,2007,66,NaN
NA,2007,67,NaN
NA,2007,68,NaN
NA,2007,69,NaN
NA,2007,70,NaN
NA,2007,71,NaN
NA,2007,72,NaN
NA,2007,73,NaN
NA,2007,74,NaN
NA,2007,75,NaN
NA,2007,76,NaN
NA,2007,77,NaN
NA,2007,78,NaN
NA,2007,79,NaN
NA,2007,80,NaN
NA,2007,81,NaN
NA,2007,82,NaN
NA,2007,83,NaN
NA,2007,84,NaN
NA,2007,85,NaN
NA,2007,86,NaN
NA,2007,87,NaN
NA,2007,88,NaN
NA,2007,89,NaN
NA,2007,92,NaN
NA,2008,15,NaN
NA,2008,16,NaN
NA,2008,17,NaN
NA,2008,18,NaN
NA,2008,19,NaN
NA,2008,20,NaN
NA,2008,21,NaN
NA,2008,22,NaN
NA,2008,23,NaN
NA,2008,24,NaN
NA,2008,25,NaN
NA,2008,26,NaN
NA,2008,27,NaN
NA,2008,28,NaN
NA,2008,29,NaN
NA,2008,30,NaN
NA,2008,31,NaN
NA,2008,32,NaN
NA,2008,33,NaN
NA,2008,34,NaN
NA,2008,35,NaN
NA,2008,36,NaN
NA,2008,37,NaN
NA,2008,38,NaN
NA,2008,39,NaN
NA,2008,40,NaN
NA,2008,41,NaN
NA,2008,42,NaN
NA,2008,43,NaN
NA,2008,44,NaN
NA,2008,45,NaN
NA,2008,46,NaN
NA,2008,47,NaN
NA,2008,48,NaN
NA,2008,49,NaN
NA,2008,50,NaN
NA,2008,51,NaN
NA,2008,52,NaN
NA,2008,53,NaN
NA,2008,54,NaN
NA,2008,55,NaN
NA,2008,56,NaN
NA,2008,57,NaN
NA,2008,58,NaN
NA,2008,59,NaN
NA,2008,60,NaN
NA,2008,61,NaN
NA,2008,62,NaN
NA,2008,63,NaN
NA,2008,64,NaN
NA,2008,65,NaN
NA,2008,66,NaN
NA,2008,67,NaN
NA,2008,68,NaN
NA,2008,69,NaN
NA,2008,70,NaN
NA,2008,71,NaN
NA,2008,72,NaN
NA,2008,73,NaN
NA,2008,74,NaN
NA,2008,75,NaN
NA,2008,76,NaN
NA,2008,77,NaN
NA,2008,78,NaN
NA,2008,79,NaN
NA,2008,80,NaN
NA,2008,81,NaN
NA,2008,82,NaN
NA,2008,83,NaN
NA,2008,84,NaN
NA,2008,85,NaN
NA,2008,86,NaN
NA,2008,87,NaN
NA,2008,88,NaN
NA,2008,89,NaN
