sex,year,age,drive_prop
female,1993,17,0.5512820512820513
female,1993,18,0.863013698630137
female,1993,19,0.8461538461538461
female,1993,20,0.7752808988764045
female,1993,21,0.8842105263157894
female,1993,22,0.8522727272727273
female,1993,23,0.9230769230769231
female,1993,24,0.8372093023255814
female,1993,25,0.9595959595959596
female,1993,26,0.9042553191489362
female,1993,27,0.9183673469387755
female,1993,28,0.9153846153846154
female,1993,29,0.9142857142857143
female,1993,30,0.86
female,1993,31,0.8712871287128713
female,1993,32,0.9292035398230089
female,1993,33,0.9484536082474226
female,1993,34,0.92
female,1993,35,0.9302325581395349
female,1993,36,0.9285714285714286
female,1993,37,0.8958333333333334
female,1993,38,0.84
female,1993,39,0.9113924050632911
female,1993,40,0.8734177215189873
female,1993,41,0.9156626506024096
female,1993,42,0.8765432098765432
female,1993,43,0.9166666666666666
female,1993,44,0.9223300970873787
female,1993,45,0.8131868131868132
female,1993,46,0.8673469387755102
female,1993,47,0.8514851485148515
female,1993,48,0.8602150537634409
female,1993,49,0.9027777777777778
female,1993,50,0.8591549295774648
female,1993,51,0.875
female,1993,52,0.8153846153846154
female,1993,53,0.6545454545454545
female,1993,54,0.8032786885245902
female,1993,55,0.8771929824561403
female,1993,56,0.7254901960784313
female,1993,57,0.8043478260869565
female,1993,58,0.7538461538461538
female,1993,59,0.8
female,1993,60,0.717391304347826
female,1993,61,0.75
female,1993,62,0.7884615384615384
female,1993,63,0.8461538461538461
female,1993,64,0.7450980392156863
female,1993,65,0.7321428571428571
female,1993,66,0.8648648648648649
female,1993,67,0.7636363636363637
female,1993,68,0.7777777777777778
female,1993,69,0.75
female,1993,70,0.8032786885245902
female,1993,71,0.6341463414634146
female,1993,72,0.7704918032786885
female,1993,73,0.7377049180327869
female,1993,74,0.7714285714285715
female,1993,75,0.8
female,1993,76,0.7560975609756098
female,1993,77,0.8787878787878788
female,1993,78,0.7692307692307693
female,1993,79,0.9230769230769231
female,1993,80,0.696969696969697
male,1993,17,0.6811594202898551
male,1993,18,0.8295454545454546
male,1993,19,0.8488372093023255
male,1993,20,0.8947368421052632
male,1993,21,0.9487179487179487
male,1993,22,0.9574468085106383
male,1993,23,0.9506172839506173
male,1993,24,0.9333333333333333
male,1993,25,0.9880952380952381
male,1993,26,0.9871794871794872
male,1993,27,0.9887640449438202
male,1993,28,0.9468085106382979
male,1993,29,0.9565217391304348
male,1993,30,0.922077922077922
male,1993,31,0.9893617021276596
male,1993,32,0.9473684210526315
male,1993,33,0.9693877551020408
male,1993,34,0.9880952380952381
male,1993,35,0.9764705882352941
male,1993,36,0.9777777777777777
male,1993,37,0.9733333333333334
male,1993,38,1
male,1993,39,0.9855072463768116
male,1993,40,0.9838709677419355
male,1993,41,0.9529411764705882
male,1993,42,0.9850746268656716
male,1993,43,0.9375
male,1993,44,0.9696969696969697
male,1993,45,0.9868421052631579
male,1993,46,0.981651376146789
male,1993,47,1
male,1993,48,0.9701492537313433
male,1993,49,0.9861111111111112
male,1993,50,0.9692307692307692
male,1993,51,0.9846153846153847
male,1993,52,0.9636363636363636
male,1993,53,0.9795918367346939
male,1993,54,0.9682539682539683
male,1993,55,0.9818181818181818
male,1993,56,0.9767441860465116
male,1993,57,0.9523809523809523
male,1993,58,1
male,1993,59,0.94
male,1993,60,0.9534883720930233
male,1993,61,0.9565217391304348
male,1993,62,0.9795918367346939
male,1993,63,0.9473684210526315
male,1993,64,0.9310344827586207
male,1993,65,1
male,1993,66,0.9545454545454546
male,1993,67,0.9347826086956522
male,1993,68,1
male,1993,69,0.9047619047619048
male,1993,70,0.9591836734693877
male,1993,71,0.8918918918918919
male,1993,72,0.9534883720930233
male,1993,73,0.926829268292683
male,1993,74,0.9354838709677419
male,1993,75,0.9629629629629629
male,1993,76,0.85
male,1993,77,1
male,1993,78,0.9375
male,1993,79,0.7619047619047619
male,1993,80,0.8823529411764706
female,1994,17,0.36486486486486486
female,1994,18,0.6666666666666666
female,1994,19,0.7631578947368421
female,1994,20,0.8375
female,1994,21,0.85
female,1994,22,0.8913043478260869
female,1994,23,0.8936170212765957
female,1994,24,0.8681318681318682
female,1994,25,0.8295454545454546
female,1994,26,0.8602150537634409
female,1994,27,0.8777777777777778
female,1994,28,0.8942307692307693
female,1994,29,0.9504132231404959
female,1994,30,0.9090909090909091
female,1994,31,0.8301886792452831
female,1994,32,0.8415841584158416
female,1994,33,0.9065420560747663
female,1994,34,0.8461538461538461
female,1994,35,0.9375
female,1994,36,0.8777777777777778
female,1994,37,0.9382716049382716
female,1994,38,0.84
female,1994,39,0.8356164383561644
female,1994,40,0.8902439024390244
female,1994,41,0.8591549295774648
female,1994,42,0.8860759493670886
female,1994,43,0.8969072164948454
female,1994,44,0.8837209302325582
female,1994,45,0.851063829787234
female,1994,46,0.8461538461538461
female,1994,47,0.8383838383838383
female,1994,48,0.90625
female,1994,49,0.7938144329896907
female,1994,50,0.810126582278481
female,1994,51,0.7777777777777778
female,1994,52,0.7763157894736842
female,1994,53,0.7741935483870968
female,1994,54,0.71698113207547165
female,1994,55,0.7894736842105263
female,1994,56,0.8518518518518519
female,1994,57,0.5869565217391305
female,1994,58,0.6938775510204082
female,1994,59,0.75
female,1994,60,0.673469387755102
female,1994,61,0.7435897435897436
female,1994,62,0.6285714285714286
female,1994,63,0.6538461538461539
female,1994,64,0.8085106382978723
female,1994,65,0.6326530612244898
female,1994,66,0.7894736842105263
female,1994,67,0.6857142857142857
female,1994,68,0.6428571428571429
female,1994,69,0.625
female,1994,70,0.6833333333333333
female,1994,71,0.5932203389830508
female,1994,72,0.6444444444444445
female,1994,73,0.6785714285714286
female,1994,74,0.7796610169491526
female,1994,75,0.65625
female,1994,76,0.6923076923076923
female,1994,77,0.65
female,1994,78,0.6875
female,1994,79,0.6666666666666666
female,1994,80,0.75
male,1994,17,0.6285714285714286
male,1994,18,0.7534246575342466
male,1994,19,0.8444444444444444
male,1994,20,0.9166666666666666
male,1994,21,0.8913043478260869
male,1994,22,0.9230769230769231
male,1994,23,0.9560439560439561
male,1994,24,0.961038961038961
male,1994,25,0.961038961038961
male,1994,26,0.9666666666666667
male,1994,27,0.9634146341463414
male,1994,28,0.9759036144578314
male,1994,29,0.9591836734693877
male,1994,30,0.9555555555555556
male,1994,31,0.9620253164556962
male,1994,32,0.967032967032967
male,1994,33,1
male,1994,34,0.9782608695652174
male,1994,35,0.975
male,1994,36,0.975609756097561
male,1994,37,0.9893617021276596
male,1994,38,0.9863013698630136
male,1994,39,1
male,1994,40,0.9577464788732394
male,1994,41,0.9848484848484849
male,1994,42,0.95
male,1994,43,0.9558823529411765
male,1994,44,0.9090909090909091
male,1994,45,0.9264705882352942
male,1994,46,1
male,1994,47,0.9904761904761905
male,1994,48,0.9411764705882353
male,1994,49,0.9545454545454546
male,1994,50,0.9523809523809523
male,1994,51,0.9558823529411765
male,1994,52,0.9558823529411765
male,1994,53,0.9622641509433962
male,1994,54,0.9607843137254902
male,1994,55,0.9629629629629629
male,1994,56,0.9642857142857143
male,1994,57,1
male,1994,58,0.9285714285714286
male,1994,59,0.9555555555555556
male,1994,60,0.9615384615384616
male,1994,61,0.95
male,1994,62,0.9318181818181818
male,1994,63,0.9318181818181818
male,1994,64,0.8837209302325582
male,1994,65,0.9818181818181818
male,1994,66,0.8636363636363636
male,1994,67,0.9090909090909091
male,1994,68,0.9069767441860465
male,1994,69,0.9142857142857143
male,1994,70,0.94
male,1994,71,0.9302325581395349
male,1994,72,0.9230769230769231
male,1994,73,0.8611111111111112
male,1994,74,0.9
male,1994,75,0.8928571428571429
male,1994,76,0.9523809523809523
male,1994,77,0.7777777777777778
male,1994,78,0.9
male,1994,79,0.9375
male,1994,80,0.85
female,1995,17,0.5340909090909091
female,1995,18,0.6493506493506493
female,1995,19,0.7444444444444445
female,1995,20,0.8292682926829268
female,1995,21,0.8169014084507042
female,1995,22,0.8571428571428571
female,1995,23,0.8777777777777778
female,1995,24,0.9444444444444444
female,1995,25,0.8452380952380952
female,1995,26,0.7906976744186046
female,1995,27,0.8888888888888888
female,1995,28,0.9130434782608695
female,1995,29,0.8901098901098901
female,1995,30,0.946969696969697
female,1995,31,0.8958333333333334
female,1995,32,0.865979381443299
female,1995,33,0.8958333333333334
female,1995,34,0.8691588785046729
female,1995,35,0.8979591836734694
female,1995,36,0.9473684210526315
female,1995,37,0.8928571428571429
female,1995,38,0.8552631578947368
female,1995,39,0.8421052631578947
female,1995,40,0.8513513513513513
female,1995,41,0.9135802469135802
female,1995,42,0.9047619047619048
female,1995,43,0.8395061728395061
female,1995,44,0.9032258064516129
female,1995,45,0.8641975308641975
female,1995,46,0.8876404494382022
female,1995,47,0.8837209302325582
female,1995,48,0.8064516129032258
female,1995,49,0.8352941176470589
female,1995,50,0.7865168539325843
female,1995,51,0.7916666666666666
female,1995,52,0.859375
female,1995,53,0.84
female,1995,54,0.8035714285714286
female,1995,55,0.49056603773584906
female,1995,56,0.9038461538461539
female,1995,57,0.8235294117647058
female,1995,58,0.6938775510204082
female,1995,59,0.8260869565217391
female,1995,60,0.7090909090909091
female,1995,61,0.6829268292682927
female,1995,62,0.6363636363636364
female,1995,63,0.6557377049180327
female,1995,64,0.6595744680851063
female,1995,65,0.8
female,1995,66,0.6346153846153846
female,1995,67,0.72
female,1995,68,0.7368421052631579
female,1995,69,0.7222222222222222
female,1995,70,0.7333333333333333
female,1995,71,0.6666666666666666
female,1995,72,0.7017543859649122
female,1995,73,0.717948717948718
female,1995,74,0.6666666666666666
female,1995,75,0.7692307692307693
female,1995,76,0.6666666666666666
female,1995,77,0.5714285714285714
female,1995,78,0.6410256410256411
female,1995,79,0.7777777777777778
female,1995,80,0.6428571428571429
male,1995,17,0.6451612903225806
male,1995,18,0.8208955223880597
male,1995,19,0.8641975308641975
male,1995,20,0.8913043478260869
male,1995,21,0.8969072164948454
male,1995,22,0.9230769230769231
male,1995,23,0.9367088607594937
male,1995,24,0.9761904761904762
male,1995,25,0.925
male,1995,26,0.9583333333333334
male,1995,27,0.9625
male,1995,28,1
male,1995,29,1
male,1995,30,0.9574468085106383
male,1995,31,0.9393939393939394
male,1995,32,0.974025974025974
male,1995,33,0.9770114942528736
male,1995,34,0.9479166666666666
male,1995,35,0.9550561797752809
male,1995,36,0.9615384615384616
male,1995,37,0.9629629629629629
male,1995,38,1
male,1995,39,0.9863013698630136
male,1995,40,0.9848484848484849
male,1995,41,0.9285714285714286
male,1995,42,0.9836065573770492
male,1995,43,0.935064935064935
male,1995,44,1
male,1995,45,0.90625
male,1995,46,0.9193548387096774
male,1995,47,1
male,1995,48,0.9797979797979798
male,1995,49,0.9692307692307692
male,1995,50,0.9230769230769231
male,1995,51,0.9841269841269841
male,1995,52,0.9333333333333333
male,1995,53,0.9701492537313433
male,1995,54,0.9130434782608695
male,1995,55,0.94
male,1995,56,0.9821428571428571
male,1995,57,0.9622641509433962
male,1995,58,0.95
male,1995,59,1
male,1995,60,1
male,1995,61,0.9111111111111111
male,1995,62,0.95
male,1995,63,0.9090909090909091
male,1995,64,0.9302325581395349
male,1995,65,0.925
male,1995,66,0.9811320754716981
male,1995,67,0.9
male,1995,68,0.9069767441860465
male,1995,69,0.926829268292683
male,1995,70,0.9032258064516129
male,1995,71,0.9333333333333333
male,1995,72,0.9285714285714286
male,1995,73,0.972972972972973
male,1995,74,1
male,1995,75,0.8571428571428571
male,1995,76,0.8695652173913043
male,1995,77,0.9090909090909091
male,1995,78,0.7647058823529411
male,1995,79,0.8947368421052632
male,1995,80,0.8235294117647058
female,1996,17,0.4861111111111111
female,1996,18,0.7303370786516854
female,1996,19,0.7553191489361702
female,1996,20,0.8461538461538461
female,1996,21,0.8247422680412371
female,1996,22,0.8536585365853658
female,1996,23,0.8589743589743589
female,1996,24,0.8876404494382022
female,1996,25,0.8787878787878788
female,1996,26,0.8837209302325582
female,1996,27,0.8478260869565217
female,1996,28,0.826530612244898
female,1996,29,0.8725490196078431
female,1996,30,0.8350515463917526
female,1996,31,0.9105691056910569
female,1996,32,0.8857142857142857
female,1996,33,0.8952380952380953
female,1996,34,0.8947368421052632
female,1996,35,0.8771929824561403
female,1996,36,0.9
female,1996,37,0.9680851063829787
female,1996,38,0.8414634146341463
female,1996,39,0.8875
female,1996,40,0.8695652173913043
female,1996,41,0.8611111111111112
female,1996,42,0.9
female,1996,43,0.8235294117647058
female,1996,44,0.875
female,1996,45,0.8390804597701149
female,1996,46,0.9213483146067416
female,1996,47,0.8478260869565217
female,1996,48,0.8674698795180723
female,1996,49,0.8241758241758241
female,1996,50,0.8275862068965517
female,1996,51,0.7894736842105263
female,1996,52,0.7746478873239436
female,1996,53,0.84375
female,1996,54,0.7866666666666666
female,1996,55,0.7540983606557377
female,1996,56,0.7142857142857143
female,1996,57,0.7966101694915254
female,1996,58,0.78
female,1996,59,0.6458333333333334
female,1996,60,0.8260869565217391
female,1996,61,0.71698113207547165
female,1996,62,0.6666666666666666
female,1996,63,0.6585365853658537
female,1996,64,0.5932203389830508
female,1996,65,0.6875
female,1996,66,0.7608695652173914
female,1996,67,0.7021276595744681
female,1996,68,0.7307692307692307
female,1996,69,0.5277777777777778
female,1996,70,0.7222222222222222
female,1996,71,0.6935483870967742
female,1996,72,0.71698113207547165
female,1996,73,0.6458333333333334
female,1996,74,0.6923076923076923
female,1996,75,0.75
female,1996,76,0.71698113207547165
female,1996,77,0.6451612903225806
female,1996,78,0.5714285714285714
female,1996,79,0.7222222222222222
female,1996,80,0.7407407407407407
male,1996,17,0.5774647887323944
male,1996,18,0.7142857142857143
male,1996,19,0.8717948717948718
male,1996,20,0.8928571428571429
male,1996,21,0.8404255319148937
male,1996,22,0.9047619047619048
male,1996,23,0.9397590361445783
male,1996,24,0.967741935483871
male,1996,25,0.9565217391304348
male,1996,26,0.9523809523809523
male,1996,27,0.9764705882352941
male,1996,28,0.9493670886075949
male,1996,29,0.9882352941176471
male,1996,30,0.9647058823529412
male,1996,31,0.978021978021978
male,1996,32,0.9489795918367347
male,1996,33,0.9871794871794872
male,1996,34,0.967741935483871
male,1996,35,0.96
male,1996,36,0.967391304347826
male,1996,37,0.9871794871794872
male,1996,38,0.9879518072289156
male,1996,39,0.9886363636363636
male,1996,40,0.9473684210526315
male,1996,41,0.9701492537313433
male,1996,42,0.9714285714285714
male,1996,43,0.9344262295081968
male,1996,44,0.8831168831168831
male,1996,45,0.984375
male,1996,46,0.9672131147540983
male,1996,47,0.927536231884058
male,1996,48,0.9875
male,1996,49,0.9903846153846154
male,1996,50,0.9516129032258065
male,1996,51,0.967741935483871
male,1996,52,0.9384615384615385
male,1996,53,0.9193548387096774
male,1996,54,0.9420289855072463
male,1996,55,0.9574468085106383
male,1996,56,0.9245283018867925
male,1996,57,0.96
male,1996,58,0.9622641509433962
male,1996,59,0.8974358974358975
male,1996,60,0.972972972972973
male,1996,61,1
male,1996,62,0.9347826086956522
male,1996,63,0.9736842105263158
male,1996,64,0.8604651162790697
male,1996,65,0.9318181818181818
male,1996,66,0.972972972972973
male,1996,67,0.9807692307692307
male,1996,68,0.926829268292683
male,1996,69,0.8604651162790697
male,1996,70,0.9428571428571428
male,1996,71,0.875
male,1996,72,0.9318181818181818
male,1996,73,0.9459459459459459
male,1996,74,0.9375
male,1996,75,0.8611111111111112
male,1996,76,0.9090909090909091
male,1996,77,1
male,1996,78,0.9473684210526315
male,1996,79,0.6
male,1996,80,0.8888888888888888
female,1997,17,0.5227272727272727
female,1997,18,0.6987951807228916
female,1997,19,0.7128712871287128
female,1997,20,0.7916666666666666
female,1997,21,0.8333333333333334
female,1997,22,0.8446601941747572
female,1997,23,0.8214285714285714
female,1997,24,0.8064516129032258
female,1997,25,0.8627450980392157
female,1997,26,0.8715596330275229
female,1997,27,0.9117647058823529
female,1997,28,0.8932038834951457
female,1997,29,0.8305084745762712
female,1997,30,0.9203539823008849
female,1997,31,0.8661417322834646
female,1997,32,0.9416058394160584
female,1997,33,0.9097744360902256
female,1997,34,0.8803418803418803
female,1997,35,0.8947368421052632
female,1997,36,0.8394160583941606
female,1997,37,0.8717948717948718
female,1997,38,0.9619047619047619
female,1997,39,0.8315789473684211
female,1997,40,0.8604651162790697
female,1997,41,0.875
female,1997,42,0.8172043010752689
female,1997,43,0.875
female,1997,44,0.8452380952380952
female,1997,45,0.8275862068965517
female,1997,46,0.8130841121495327
female,1997,47,0.875
female,1997,48,0.8431372549019608
female,1997,49,0.8846153846153846
female,1997,50,0.8043478260869565
female,1997,51,0.8476190476190476
female,1997,52,0.7821782178217822
female,1997,53,0.7945205479452054
female,1997,54,0.8271604938271605
female,1997,55,0.775
female,1997,56,0.75
female,1997,57,0.7166666666666667
female,1997,58,0.7910447761194029
female,1997,59,0.7808219178082192
female,1997,60,0.7719298245614035
female,1997,61,0.7758620689655172
female,1997,62,0.7121212121212122
female,1997,63,0.819672131147541
female,1997,64,0.7735849056603774
female,1997,65,0.6470588235294118
female,1997,66,0.6851851851851852
female,1997,67,0.711864406779661
female,1997,68,0.5862068965517241
female,1997,69,0.7536231884057971
female,1997,70,0.7592592592592593
female,1997,71,0.6949152542372882
female,1997,72,0.7439024390243902
female,1997,73,0.7230769230769231
female,1997,74,0.640625
female,1997,75,0.673469387755102
female,1997,76,0.7413793103448276
female,1997,77,0.8055555555555556
female,1997,78,0.825
female,1997,79,0.7647058823529411
female,1997,80,0.6511627906976745
male,1997,17,0.4842105263157895
male,1997,18,0.7307692307692307
male,1997,19,0.8513513513513513
male,1997,20,0.8673469387755102
male,1997,21,0.9101123595505618
male,1997,22,0.8421052631578947
male,1997,23,0.87
male,1997,24,0.9081632653061225
male,1997,25,0.9690721649484536
male,1997,26,0.96875
male,1997,27,0.941747572815534
male,1997,28,0.9716981132075472
male,1997,29,0.9736842105263158
male,1997,30,0.9904761904761905
male,1997,31,0.9611650485436893
male,1997,32,0.9821428571428571
male,1997,33,0.9693877551020408
male,1997,34,0.9795918367346939
male,1997,35,0.96875
male,1997,36,0.967479674796748
male,1997,37,0.9636363636363636
male,1997,38,0.9787234042553191
male,1997,39,0.9791666666666666
male,1997,40,0.9896907216494846
male,1997,41,0.989010989010989
male,1997,42,0.9714285714285714
male,1997,43,0.9397590361445783
male,1997,44,0.9333333333333333
male,1997,45,0.9764705882352941
male,1997,46,0.9577464788732394
male,1997,47,0.9459459459459459
male,1997,48,0.9230769230769231
male,1997,49,0.9759036144578314
male,1997,50,0.9833333333333333
male,1997,51,0.9565217391304348
male,1997,52,0.9846153846153847
male,1997,53,0.9538461538461539
male,1997,54,0.9506172839506173
male,1997,55,0.9518072289156626
male,1997,56,0.9473684210526315
male,1997,57,0.9642857142857143
male,1997,58,0.9642857142857143
male,1997,59,0.96875
male,1997,60,0.9574468085106383
male,1997,61,0.9574468085106383
male,1997,62,0.98
male,1997,63,0.9803921568627451
male,1997,64,0.8913043478260869
male,1997,65,0.8928571428571429
male,1997,66,0.9074074074074074
male,1997,67,0.9777777777777777
male,1997,68,0.9577464788732394
male,1997,69,0.9318181818181818
male,1997,70,0.9
male,1997,71,0.9215686274509803
male,1997,72,0.8979591836734694
male,1997,73,0.9574468085106383
male,1997,74,0.9024390243902439
male,1997,75,0.85
male,1997,76,0.9285714285714286
male,1997,77,0.8421052631578947
male,1997,78,0.8787878787878788
male,1997,79,0.8095238095238095
male,1997,80,0.7222222222222222
female,1998,17,0.5176470588235295
female,1998,18,0.6375
female,1998,19,0.7127659574468085
female,1998,20,0.71
female,1998,21,0.7857142857142857
female,1998,22,0.8484848484848485
female,1998,23,0.7755102040816326
female,1998,24,0.7654320987654321
female,1998,25,0.8842105263157894
female,1998,26,0.8118811881188119
female,1998,27,0.92
female,1998,28,0.8952380952380953
female,1998,29,0.8715596330275229
female,1998,30,0.7719298245614035
female,1998,31,0.897196261682243
female,1998,32,0.8934426229508197
female,1998,33,0.9300699300699301
female,1998,34,0.8809523809523809
female,1998,35,0.8852459016393442
female,1998,36,0.8956521739130435
female,1998,37,0.8686131386861314
female,1998,38,0.8828828828828829
female,1998,39,0.9175257731958762
female,1998,40,0.8061224489795918
female,1998,41,0.8735632183908046
female,1998,42,0.8380952380952381
female,1998,43,0.7804878048780488
female,1998,44,0.8901098901098901
female,1998,45,0.7631578947368421
female,1998,46,0.8602150537634409
female,1998,47,0.8137254901960784
female,1998,48,0.8539325842696629
female,1998,49,0.8155339805825242
female,1998,50,0.8804347826086957
female,1998,51,0.74
female,1998,52,0.8529411764705882
female,1998,53,0.7368421052631579
female,1998,54,0.8493150684931506
female,1998,55,0.8181818181818182
female,1998,56,0.7894736842105263
female,1998,57,0.6507936507936508
female,1998,58,0.7068965517241379
female,1998,59,0.8225806451612904
female,1998,60,0.7
female,1998,61,0.7666666666666667
female,1998,62,0.7857142857142857
female,1998,63,0.7846153846153846
female,1998,64,0.7166666666666667
female,1998,65,0.7222222222222222
female,1998,66,0.65625
female,1998,67,0.660377358490566
female,1998,68,0.7142857142857143
female,1998,69,0.7547169811320755
female,1998,70,0.7424242424242424
female,1998,71,0.7083333333333334
female,1998,72,0.6607142857142857
female,1998,73,0.65
female,1998,74,0.7068965517241379
female,1998,75,0.631578947368421
female,1998,76,0.7446808510638298
female,1998,77,0.6271186440677966
female,1998,78,0.7230769230769231
female,1998,79,0.8157894736842105
female,1998,80,0.59375
male,1998,17,0.4805194805194805
male,1998,18,0.6736842105263158
male,1998,19,0.8625
male,1998,20,0.7936507936507936
male,1998,21,0.7954545454545454
male,1998,22,0.8846153846153846
male,1998,23,0.8863636363636364
male,1998,24,0.898876404494382
male,1998,25,0.925531914893617
male,1998,26,0.9789473684210527
male,1998,27,0.9595959595959596
male,1998,28,0.9504950495049505
male,1998,29,0.9690721649484536
male,1998,30,0.9736842105263158
male,1998,31,1
male,1998,32,0.967032967032967
male,1998,33,0.954954954954955
male,1998,34,1
male,1998,35,0.9791666666666666
male,1998,36,0.9666666666666667
male,1998,37,0.9912280701754386
male,1998,38,0.9478260869565217
male,1998,39,0.9545454545454546
male,1998,40,0.978021978021978
male,1998,41,0.96875
male,1998,42,0.9772727272727273
male,1998,43,0.9696969696969697
male,1998,44,0.9382716049382716
male,1998,45,0.9726027397260274
male,1998,46,0.9404761904761905
male,1998,47,0.9558823529411765
male,1998,48,0.9315068493150684
male,1998,49,0.9411764705882353
male,1998,50,0.9880952380952381
male,1998,51,0.9739130434782609
male,1998,52,0.927536231884058
male,1998,53,0.9850746268656716
male,1998,54,0.9523809523809523
male,1998,55,0.9714285714285714
male,1998,56,0.9620253164556962
male,1998,57,0.9636363636363636
male,1998,58,0.9230769230769231
male,1998,59,0.95
male,1998,60,0.9482758620689655
male,1998,61,0.9090909090909091
male,1998,62,0.9523809523809523
male,1998,63,0.9777777777777777
male,1998,64,0.875
male,1998,65,0.9512195121951219
male,1998,66,0.9056603773584906
male,1998,67,0.8909090909090909
male,1998,68,0.925
male,1998,69,0.9523809523809523
male,1998,70,0.8936170212765957
male,1998,71,0.8367346938775511
male,1998,72,0.8775510204081632
male,1998,73,0.8837209302325582
male,1998,74,0.9166666666666666
male,1998,75,0.9523809523809523
male,1998,76,0.9090909090909091
male,1998,77,0.8974358974358975
male,1998,78,0.8285714285714286
male,1998,79,0.9230769230769231
male,1998,80,0.8947368421052632
female,1999,17,0.4803921568627451
female,1999,18,0.6511627906976745
female,1999,19,0.7769230769230769
female,1999,20,0.7313432835820896
female,1999,21,0.7682119205298014
female,1999,22,0.864
female,1999,23,0.8650793650793651
female,1999,24,0.8461538461538461
female,1999,25,0.8625954198473282
female,1999,26,0.8455882352941176
female,1999,27,0.8343949044585988
female,1999,28,0.8923076923076924
female,1999,29,0.9069767441860465
female,1999,30,0.88
female,1999,31,0.8502994011976048
female,1999,32,0.8580645161290322
female,1999,33,0.8895027624309392
female,1999,34,0.9035532994923858
female,1999,35,0.8691099476439791
female,1999,36,0.8971428571428571
female,1999,37,0.9117647058823529
female,1999,38,0.8802395209580839
female,1999,39,0.8580246913580247
female,1999,40,0.9271523178807947
female,1999,41,0.8796992481203008
female,1999,42,0.8264462809917356
female,1999,43,0.8540145985401459
female,1999,44,0.8581081081081081
female,1999,45,0.936
female,1999,46,0.860655737704918
female,1999,47,0.8333333333333334
female,1999,48,0.8571428571428571
female,1999,49,0.872
female,1999,50,0.8079470198675497
female,1999,51,0.8540145985401459
female,1999,52,0.7737226277372263
female,1999,53,0.8102189781021898
female,1999,54,0.8106060606060606
female,1999,55,0.8035714285714286
female,1999,56,0.853448275862069
female,1999,57,0.7711864406779662
female,1999,58,0.8064516129032258
female,1999,59,0.7441860465116279
female,1999,60,0.8191489361702128
female,1999,61,0.7692307692307693
female,1999,62,0.7625
female,1999,63,0.7717391304347826
female,1999,64,0.7906976744186046
female,1999,65,0.78301886792452835
female,1999,66,0.704225352112676
female,1999,67,0.7692307692307693
female,1999,68,0.6774193548387096
female,1999,69,0.7105263157894737
female,1999,70,0.7052631578947368
female,1999,71,0.797979797979798
female,1999,72,0.6103896103896104
female,1999,73,0.6470588235294118
female,1999,74,0.6701030927835051
female,1999,75,0.6896551724137931
female,1999,76,0.6197183098591549
female,1999,77,0.7323943661971831
female,1999,78,0.6710526315789473
female,1999,79,0.6987951807228916
female,1999,80,0.76
male,1999,17,0.5229357798165137
male,1999,18,0.6636363636363637
male,1999,19,0.7716535433070866
male,1999,20,0.8508771929824561
male,1999,21,0.9019607843137255
male,1999,22,0.9090909090909091
male,1999,23,0.9175257731958762
male,1999,24,0.9152542372881356
male,1999,25,0.8461538461538461
male,1999,26,0.9398496240601504
male,1999,27,0.9298245614035088
male,1999,28,0.9777777777777777
male,1999,29,0.9448818897637795
male,1999,30,0.9590163934426229
male,1999,31,0.984251968503937
male,1999,32,0.9712230215827338
male,1999,33,0.9784172661870504
male,1999,34,0.9527027027027027
male,1999,35,0.9632352941176471
male,1999,36,0.9932432432432432
male,1999,37,0.9577464788732394
male,1999,38,0.9602649006622517
male,1999,39,0.96
male,1999,40,0.9606299212598425
male,1999,41,0.9763779527559056
male,1999,42,0.9920634920634921
male,1999,43,0.9769230769230769
male,1999,44,0.9811320754716981
male,1999,45,0.9026548672566371
male,1999,46,0.9702970297029703
male,1999,47,0.911504424778761
male,1999,48,0.9734513274336283
male,1999,49,0.9553571428571429
male,1999,50,0.9368421052631579
male,1999,51,0.9504132231404959
male,1999,52,0.9807692307692307
male,1999,53,0.9484536082474226
male,1999,54,0.98
male,1999,55,0.9534883720930233
male,1999,56,0.9732142857142857
male,1999,57,0.9532710280373832
male,1999,58,0.963855421686747
male,1999,59,0.9375
male,1999,60,0.9534883720930233
male,1999,61,0.9468085106382979
male,1999,62,0.9146341463414634
male,1999,63,0.927536231884058
male,1999,64,0.9736842105263158
male,1999,65,0.9285714285714286
male,1999,66,0.8955223880597015
male,1999,67,0.8875
male,1999,68,0.9493670886075949
male,1999,69,0.9154929577464789
male,1999,70,0.9574468085106383
male,1999,71,0.9672131147540983
male,1999,72,0.9102564102564102
male,1999,73,0.8805970149253731
male,1999,74,0.9482758620689655
male,1999,75,0.9016393442622951
male,1999,76,0.9444444444444444
male,1999,77,0.9090909090909091
male,1999,78,0.8852459016393442
male,1999,79,0.9024390243902439
male,1999,80,0.8780487804878049
female,2e3,17,0.42857142857142855
female,2e3,18,0.5089285714285714
female,2e3,19,0.7226277372262774
female,2e3,20,0.6854838709677419
female,2e3,21,0.762962962962963
female,2e3,22,0.7971014492753623
female,2e3,23,0.8699186991869918
female,2e3,24,0.8823529411764706
female,2e3,25,0.8402777777777778
female,2e3,26,0.7580645161290323
female,2e3,27,0.8333333333333334
female,2e3,28,0.8466666666666667
female,2e3,29,0.8872180451127819
female,2e3,30,0.9172413793103448
female,2e3,31,0.87248322147651
female,2e3,32,0.8493975903614458
female,2e3,33,0.89375
female,2e3,34,0.84375
female,2e3,35,0.8861386138613861
female,2e3,36,0.8695652173913043
female,2e3,37,0.888268156424581
female,2e3,38,0.8838709677419355
female,2e3,39,0.8848484848484849
female,2e3,40,0.8589743589743589
female,2e3,41,0.9261744966442953
female,2e3,42,0.8432835820895522
female,2e3,43,0.8347826086956521
female,2e3,44,0.8356164383561644
female,2e3,45,0.8467153284671532
female,2e3,46,0.9076923076923077
female,2e3,47,0.8292682926829268
female,2e3,48,0.8403361344537815
female,2e3,49,0.8082191780821918
female,2e3,50,0.813953488372093
female,2e3,51,0.8055555555555556
female,2e3,52,0.8267716535433071
female,2e3,53,0.7278911564625851
female,2e3,54,0.7857142857142857
female,2e3,55,0.7952755905511811
female,2e3,56,0.7636363636363637
female,2e3,57,0.7739130434782608
female,2e3,58,0.7272727272727273
female,2e3,59,0.7777777777777778
female,2e3,60,0.6292134831460674
female,2e3,61,0.7582417582417582
female,2e3,62,0.7373737373737373
female,2e3,63,0.7325581395348837
female,2e3,64,0.7294117647058823
female,2e3,65,0.6593406593406593
female,2e3,66,0.7849462365591398
female,2e3,67,0.6666666666666666
female,2e3,68,0.6739130434782609
female,2e3,69,0.5925925925925926
female,2e3,70,0.6976744186046512
female,2e3,71,0.6292134831460674
female,2e3,72,0.6781609195402298
female,2e3,73,0.6027397260273972
female,2e3,74,0.6410256410256411
female,2e3,75,0.6344086021505376
female,2e3,76,0.575
female,2e3,77,0.582089552238806
female,2e3,78,0.6461538461538462
female,2e3,79,0.6086956521739131
female,2e3,80,0.6621621621621622
male,2e3,17,0.5789473684210527
male,2e3,18,0.6306306306306306
male,2e3,19,0.7452830188679245
male,2e3,20,0.8057553956834532
male,2e3,21,0.811965811965812
male,2e3,22,0.826530612244898
male,2e3,23,0.8365384615384616
male,2e3,24,0.9252336448598131
male,2e3,25,0.8916666666666667
male,2e3,26,0.872
male,2e3,27,0.9259259259259259
male,2e3,28,0.9457364341085271
male,2e3,29,0.9538461538461539
male,2e3,30,0.9327731092436975
male,2e3,31,0.9583333333333334
male,2e3,32,0.9712230215827338
male,2e3,33,0.9705882352941176
male,2e3,34,0.968
male,2e3,35,0.9657534246575342
male,2e3,36,0.9416058394160584
male,2e3,37,0.9645390070921985
male,2e3,38,0.9772727272727273
male,2e3,39,0.9605263157894737
male,2e3,40,0.9459459459459459
male,2e3,41,0.9615384615384616
male,2e3,42,0.952755905511811
male,2e3,43,0.952755905511811
male,2e3,44,0.9836065573770492
male,2e3,45,0.9532710280373832
male,2e3,46,0.9320388349514563
male,2e3,47,0.9736842105263158
male,2e3,48,0.9105691056910569
male,2e3,49,0.9215686274509803
male,2e3,50,0.941747572815534
male,2e3,51,0.9574468085106383
male,2e3,52,0.968
male,2e3,53,0.9605263157894737
male,2e3,54,0.9361702127659575
male,2e3,55,0.9278350515463918
male,2e3,56,0.9647058823529412
male,2e3,57,0.9716981132075472
male,2e3,58,0.9444444444444444
male,2e3,59,0.9879518072289156
male,2e3,60,0.9041095890410958
male,2e3,61,0.9302325581395349
male,2e3,62,0.945054945054945
male,2e3,63,0.9156626506024096
male,2e3,64,0.9333333333333333
male,2e3,65,0.9705882352941176
male,2e3,66,0.8714285714285714
male,2e3,67,0.92
male,2e3,68,0.863013698630137
male,2e3,69,0.9493670886075949
male,2e3,70,0.8472222222222222
male,2e3,71,0.9222222222222223
male,2e3,72,0.9516129032258065
male,2e3,73,0.8873239436619719
male,2e3,74,0.875
male,2e3,75,0.8571428571428571
male,2e3,76,0.9333333333333333
male,2e3,77,0.8269230769230769
male,2e3,78,0.7916666666666666
male,2e3,79,0.82
male,2e3,80,0.8205128205128205
female,2001,17,0.3950617283950617
female,2001,18,0.5192307692307693
female,2001,19,0.6142857142857143
female,2001,20,0.7108433734939759
female,2001,21,0.75
female,2001,22,0.7162162162162162
female,2001,23,0.7660818713450293
female,2001,24,0.8611111111111112
female,2001,25,0.8357142857142857
female,2001,26,0.8554216867469879
female,2001,27,0.8571428571428571
female,2001,28,0.8361581920903954
female,2001,29,0.8539325842696629
female,2001,30,0.8913043478260869
female,2001,31,0.9021739130434783
female,2001,32,0.8713450292397661
female,2001,33,0.8578680203045685
female,2001,34,0.8695652173913043
female,2001,35,0.8917525773195877
female,2001,36,0.8982300884955752
female,2001,37,0.8963963963963963
female,2001,38,0.8984771573604061
female,2001,39,0.9130434782608695
female,2001,40,0.8910891089108911
female,2001,41,0.8626373626373627
female,2001,42,0.9402173913043478
female,2001,43,0.8674698795180723
female,2001,44,0.8920863309352518
female,2001,45,0.8214285714285714
female,2001,46,0.8421052631578947
female,2001,47,0.896969696969697
female,2001,48,0.8378378378378378
female,2001,49,0.85
female,2001,50,0.8218390804597702
female,2001,51,0.8823529411764706
female,2001,52,0.8314606741573034
female,2001,53,0.8125
female,2001,54,0.7928994082840237
female,2001,55,0.7514792899408284
female,2001,56,0.7748344370860927
female,2001,57,0.7421875
female,2001,58,0.7518248175182481
female,2001,59,0.7397260273972602
female,2001,60,0.7383177570093458
female,2001,61,0.6574074074074074
female,2001,62,0.7619047619047619
female,2001,63,0.7293233082706767
female,2001,64,0.7272727272727273
female,2001,65,0.7475728155339806
female,2001,66,0.7431192660550459
female,2001,67,0.7058823529411765
female,2001,68,0.6224489795918368
female,2001,69,0.6699029126213593
female,2001,70,0.6931818181818182
female,2001,71,0.6698113207547169
female,2001,72,0.6909090909090909
female,2001,73,0.6509433962264151
female,2001,74,0.6190476190476191
female,2001,75,0.7282608695652174
female,2001,76,0.6634615384615384
female,2001,77,0.6451612903225806
female,2001,78,0.5416666666666666
female,2001,79,0.6212121212121212
female,2001,80,0.6385542168674698
male,2001,17,0.45985401459854014
male,2001,18,0.6640625
male,2001,19,0.7105263157894737
male,2001,20,0.7938931297709924
male,2001,21,0.8321678321678322
male,2001,22,0.8688524590163934
male,2001,23,0.8090909090909091
male,2001,24,0.8484848484848485
male,2001,25,0.9083333333333333
male,2001,26,0.927007299270073
male,2001,27,0.9029850746268657
male,2001,28,0.9240506329113924
male,2001,29,0.9571428571428572
male,2001,30,0.9659863945578231
male,2001,31,0.9565217391304348
male,2001,32,0.918918918918919
male,2001,33,0.968944099378882
male,2001,34,0.9607843137254902
male,2001,35,0.96875
male,2001,36,0.9841269841269841
male,2001,37,0.9693251533742331
male,2001,38,0.9490445859872612
male,2001,39,0.9602649006622517
male,2001,40,0.967391304347826
male,2001,41,0.9622641509433962
male,2001,42,0.9743589743589743
male,2001,43,0.9379310344827586
male,2001,44,0.9655172413793104
male,2001,45,0.9594594594594594
male,2001,46,0.9754098360655737
male,2001,47,0.9224806201550387
male,2001,48,0.983739837398374
male,2001,49,0.9645390070921985
male,2001,50,0.9512195121951219
male,2001,51,0.953125
male,2001,52,0.9752066115702479
male,2001,53,0.9596774193548387
male,2001,54,0.9774011299435028
male,2001,55,0.9173553719008265
male,2001,56,0.9313725490196079
male,2001,57,0.9504132231404959
male,2001,58,0.9482758620689655
male,2001,59,0.952
male,2001,60,0.9903846153846154
male,2001,61,0.9418604651162791
male,2001,62,0.9489795918367347
male,2001,63,0.9622641509433962
male,2001,64,0.9591836734693877
male,2001,65,0.9642857142857143
male,2001,66,0.946236559139785
male,2001,67,0.9101123595505618
male,2001,68,0.9558823529411765
male,2001,69,0.8876404494382022
male,2001,70,0.9230769230769231
male,2001,71,0.881578947368421
male,2001,72,0.8571428571428571
male,2001,73,0.9875
male,2001,74,0.8648648648648649
male,2001,75,0.9428571428571428
male,2001,76,0.8813559322033898
male,2001,77,0.9230769230769231
male,2001,78,0.8709677419354839
male,2001,79,0.7555555555555555
male,2001,80,0.8166666666666667
female,2002,17,0.3482142857142857
female,2002,18,0.53125
female,2002,19,0.6131386861313869
female,2002,20,0.6271186440677966
female,2002,21,0.6923076923076923
female,2002,22,0.725
female,2002,23,0.7867647058823529
female,2002,24,0.815068493150685
female,2002,25,0.8538461538461538
female,2002,26,0.8666666666666667
female,2002,27,0.823943661971831
female,2002,28,0.8636363636363636
female,2002,29,0.8543046357615894
female,2002,30,0.8580246913580247
female,2002,31,0.8855421686746988
female,2002,32,0.9096385542168675
female,2002,33,0.8807947019867549
female,2002,34,0.8709677419354839
female,2002,35,0.8914285714285715
female,2002,36,0.8502994011976048
female,2002,37,0.9278350515463918
female,2002,38,0.8978494623655914
female,2002,39,0.88268156424581
female,2002,40,0.8553459119496856
female,2002,41,0.8735632183908046
female,2002,42,0.8701298701298701
female,2002,43,0.9171974522292994
female,2002,44,0.8827586206896552
female,2002,45,0.8571428571428571
female,2002,46,0.8260869565217391
female,2002,47,0.78125
female,2002,48,0.8791946308724832
female,2002,49,0.8442622950819673
female,2002,50,0.781021897810219
female,2002,51,0.7894736842105263
female,2002,52,0.8468468468468469
female,2002,53,0.8
female,2002,54,0.8169934640522876
female,2002,55,0.7682119205298014
female,2002,56,0.8248175182481752
female,2002,57,0.7482014388489209
female,2002,58,0.825
female,2002,59,0.7844827586206896
female,2002,60,0.703125
female,2002,61,0.7551020408163265
female,2002,62,0.625
female,2002,63,0.8131868131868132
female,2002,64,0.7115384615384616
female,2002,65,0.7228915662650602
female,2002,66,0.7368421052631579
female,2002,67,0.6842105263157895
female,2002,68,0.7195121951219512
female,2002,69,0.6626506024096386
female,2002,70,0.6404494382022472
female,2002,71,0.7407407407407407
female,2002,72,0.7564102564102564
female,2002,73,0.6263736263736264
female,2002,74,0.6063829787234043
female,2002,75,0.609375
female,2002,76,0.5342465753424658
female,2002,77,0.6091954022988506
female,2002,78,0.5555555555555556
female,2002,79,0.6507936507936508
female,2002,80,0.5777777777777777
male,2002,17,0.45864661654135336
male,2002,18,0.7047619047619048
male,2002,19,0.6754385964912281
male,2002,20,0.7142857142857143
male,2002,21,0.7383177570093458
male,2002,22,0.792
male,2002,23,0.8648648648648649
male,2002,24,0.8666666666666667
male,2002,25,0.9333333333333333
male,2002,26,0.9320388349514563
male,2002,27,0.9416666666666667
male,2002,28,0.9274193548387096
male,2002,29,0.924812030075188
male,2002,30,0.9774436090225563
male,2002,31,0.9732142857142857
male,2002,32,0.9657534246575342
male,2002,33,0.9
male,2002,34,0.9357142857142857
male,2002,35,0.9512195121951219
male,2002,36,0.9732142857142857
male,2002,37,0.9479768786127167
male,2002,38,0.9436619718309859
male,2002,39,0.9714285714285714
male,2002,40,0.9714285714285714
male,2002,41,0.9455782312925171
male,2002,42,0.986013986013986
male,2002,43,0.9485294117647058
male,2002,44,0.9621212121212122
male,2002,45,0.9618320610687023
male,2002,46,0.9772727272727273
male,2002,47,0.9693877551020408
male,2002,48,0.952
male,2002,49,0.954954954954955
male,2002,50,0.9661016949152542
male,2002,51,0.9272727272727272
male,2002,52,0.9217391304347826
male,2002,53,0.9629629629629629
male,2002,54,0.9734513274336283
male,2002,55,0.9743589743589743
male,2002,56,0.9339622641509434
male,2002,57,0.9139784946236559
male,2002,58,0.9411764705882353
male,2002,59,0.968421052631579
male,2002,60,0.9444444444444444
male,2002,61,0.978494623655914
male,2002,62,0.9101123595505618
male,2002,63,0.958904109589041
male,2002,64,0.9693877551020408
male,2002,65,0.9512195121951219
male,2002,66,0.9154929577464789
male,2002,67,0.9186046511627907
male,2002,68,0.9342105263157895
male,2002,69,0.9508196721311475
male,2002,70,0.9054054054054054
male,2002,71,0.8974358974358975
male,2002,72,0.8493150684931506
male,2002,73,0.9390243902439024
male,2002,74,0.9538461538461539
male,2002,75,0.90625
male,2002,76,0.88
male,2002,77,0.8936170212765957
male,2002,78,0.9642857142857143
male,2002,79,0.8444444444444444
male,2002,80,0.6857142857142857
female,2003,17,0.3798449612403101
female,2003,18,0.5789473684210527
female,2003,19,0.6111111111111112
female,2003,20,0.6363636363636364
female,2003,21,0.6633663366336634
female,2003,22,0.7751937984496124
female,2003,23,0.7459016393442623
female,2003,24,0.7910447761194029
female,2003,25,0.824
female,2003,26,0.8768115942028986
female,2003,27,0.8888888888888888
female,2003,28,0.8625954198473282
female,2003,29,0.8905109489051095
female,2003,30,0.8823529411764706
female,2003,31,0.8851351351351351
female,2003,32,0.9202453987730062
female,2003,33,0.9342105263157895
female,2003,34,0.9383561643835616
female,2003,35,0.8698224852071006
female,2003,36,0.9106145251396648
female,2003,37,0.8787878787878788
female,2003,38,0.8895027624309392
female,2003,39,0.8791208791208791
female,2003,40,0.8875739644970414
female,2003,41,0.864516129032258
female,2003,42,0.8994082840236687
female,2003,43,0.8633540372670807
female,2003,44,0.9294871794871795
female,2003,45,0.8796992481203008
female,2003,46,0.8412698412698413
female,2003,47,0.8560606060606061
female,2003,48,0.8275862068965517
female,2003,49,0.9020979020979021
female,2003,50,0.8067226890756303
female,2003,51,0.8429752066115702
female,2003,52,0.8235294117647058
female,2003,53,0.8672566371681416
female,2003,54,0.7933333333333333
female,2003,55,0.8217054263565892
female,2003,56,0.7692307692307693
female,2003,57,0.8115942028985508
female,2003,58,0.8296296296296296
female,2003,59,0.8269230769230769
female,2003,60,0.736
female,2003,61,0.7622950819672131
female,2003,62,0.7157894736842105
female,2003,63,0.5930232558139535
female,2003,64,0.7865168539325843
female,2003,65,0.71875
female,2003,66,0.6976744186046512
female,2003,67,0.7325581395348837
female,2003,68,0.7582417582417582
female,2003,69,0.6842105263157895
female,2003,70,0.654320987654321
female,2003,71,0.5632183908045977
female,2003,72,0.6987951807228916
female,2003,73,0.7432432432432432
female,2003,74,0.6352941176470588
female,2003,75,0.651685393258427
female,2003,76,0.6666666666666666
female,2003,77,0.5694444444444444
female,2003,78,0.5875
female,2003,79,0.6
female,2003,80,0.5192307692307693
male,2003,17,0.39316239316239315
male,2003,18,0.675
male,2003,19,0.8073394495412844
male,2003,20,0.7545454545454545
male,2003,21,0.7636363636363637
male,2003,22,0.7623762376237624
male,2003,23,0.7661290322580645
male,2003,24,0.8613861386138614
male,2003,25,0.8953488372093024
male,2003,26,0.8761061946902655
male,2003,27,0.940677966101695
male,2003,28,0.9304347826086956
male,2003,29,0.9259259259259259
male,2003,30,0.9343065693430657
male,2003,31,0.9747899159663865
male,2003,32,0.9767441860465116
male,2003,33,0.9765625
male,2003,34,0.9292035398230089
male,2003,35,0.958904109589041
male,2003,36,0.9712230215827338
male,2003,37,0.953125
male,2003,38,0.9936708860759493
male,2003,39,0.9290780141843972
male,2003,40,0.984251968503937
male,2003,41,0.9324324324324325
male,2003,42,0.965034965034965
male,2003,43,0.9770992366412213
male,2003,44,0.9761904761904762
male,2003,45,0.9402985074626866
male,2003,46,0.9615384615384616
male,2003,47,0.9590163934426229
male,2003,48,0.9622641509433962
male,2003,49,0.9459459459459459
male,2003,50,0.9514563106796117
male,2003,51,0.9327731092436975
male,2003,52,0.96
male,2003,53,0.9285714285714286
male,2003,54,0.9818181818181818
male,2003,55,0.963963963963964
male,2003,56,0.959731543624161
male,2003,57,0.9223300970873787
male,2003,58,0.9047619047619048
male,2003,59,0.9072164948453608
male,2003,60,0.9901960784313726
male,2003,61,0.9514563106796117
male,2003,62,0.9431818181818182
male,2003,63,0.9375
male,2003,64,0.9459459459459459
male,2003,65,0.9157894736842105
male,2003,66,0.9864864864864865
male,2003,67,0.9428571428571428
male,2003,68,0.92
male,2003,69,0.9315068493150684
male,2003,70,0.921875
male,2003,71,0.8115942028985508
male,2003,72,0.948051948051948
male,2003,73,0.8656716417910447
male,2003,74,0.8875
male,2003,75,0.9253731343283582
male,2003,76,0.8360655737704918
male,2003,77,0.9148936170212766
male,2003,78,0.9
male,2003,79,0.9411764705882353
male,2003,80,0.8372093023255814
female,2004,17,0.42028985507246375
female,2004,18,0.5726495726495726
female,2004,19,0.6964285714285714
female,2004,20,0.660377358490566
female,2004,21,0.674074074074074
female,2004,22,0.7142857142857143
female,2004,23,0.8
female,2004,24,0.8189655172413793
female,2004,25,0.8507462686567164
female,2004,26,0.8376068376068376
female,2004,27,0.8591549295774648
female,2004,28,0.8785046728971962
female,2004,29,0.8712121212121212
female,2004,30,0.888
female,2004,31,0.8905109489051095
female,2004,32,0.8775510204081632
female,2004,33,0.8789808917197452
female,2004,34,0.920863309352518
female,2004,35,0.9155844155844156
female,2004,36,0.9025974025974026
female,2004,37,0.9112426035502958
female,2004,38,0.8838709677419355
female,2004,39,0.907608695652174
female,2004,40,0.9074074074074074
female,2004,41,0.8922155688622755
female,2004,42,0.8896103896103896
female,2004,43,0.8716216216216216
female,2004,44,0.8580645161290322
female,2004,45,0.9315068493150684
female,2004,46,0.9024390243902439
female,2004,47,0.864
female,2004,48,0.84
female,2004,49,0.8373983739837398
female,2004,50,0.8769230769230769
female,2004,51,0.907563025210084
female,2004,52,0.7661290322580645
female,2004,53,0.8382352941176471
female,2004,54,0.8962264150943396
female,2004,55,0.8368794326241135
female,2004,56,0.8473282442748091
female,2004,57,0.78
female,2004,58,0.8188976377952756
female,2004,59,0.803030303030303
female,2004,60,0.7727272727272727
female,2004,61,0.8090909090909091
female,2004,62,0.7166666666666667
female,2004,63,0.723404255319149
female,2004,64,0.7
female,2004,65,0.7717391304347826
female,2004,66,0.7078651685393258
female,2004,67,0.75
female,2004,68,0.7777777777777778
female,2004,69,0.7701149425287356
female,2004,70,0.6842105263157895
female,2004,71,0.6582278481012658
female,2004,72,0.7012987012987013
female,2004,73,0.7341772151898734
female,2004,74,0.7352941176470589
female,2004,75,0.6704545454545454
female,2004,76,0.6712328767123288
female,2004,77,0.6545454545454545
female,2004,78,0.5846153846153846
female,2004,79,0.6666666666666666
female,2004,80,0.6060606060606061
male,2004,17,0.546875
male,2004,18,0.6458333333333334
male,2004,19,0.7425742574257426
male,2004,20,0.8317757009345794
male,2004,21,0.7843137254901961
male,2004,22,0.8235294117647058
male,2004,23,0.8210526315789474
male,2004,24,0.8661417322834646
male,2004,25,0.8365384615384616
male,2004,26,0.9333333333333333
male,2004,27,0.9090909090909091
male,2004,28,0.9459459459459459
male,2004,29,0.9504132231404959
male,2004,30,0.9145299145299145
male,2004,31,0.9603174603174603
male,2004,32,0.9902912621359223
male,2004,33,0.9916666666666667
male,2004,34,0.9496402877697842
male,2004,35,0.9433962264150944
male,2004,36,0.937984496124031
male,2004,37,0.96
male,2004,38,0.96
male,2004,39,0.9806451612903225
male,2004,40,0.9555555555555556
male,2004,41,0.9389312977099237
male,2004,42,0.9420289855072463
male,2004,43,0.9629629629629629
male,2004,44,0.968503937007874
male,2004,45,0.9173553719008265
male,2004,46,0.96
male,2004,47,0.9745762711864406
male,2004,48,0.9519230769230769
male,2004,49,0.9702970297029703
male,2004,50,0.9622641509433962
male,2004,51,0.9680851063829787
male,2004,52,0.9646017699115044
male,2004,53,0.9223300970873787
male,2004,54,0.9279279279279279
male,2004,55,0.9680851063829787
male,2004,56,0.9913793103448276
male,2004,57,0.9574468085106383
male,2004,58,0.9368421052631579
male,2004,59,0.9146341463414634
male,2004,60,0.9666666666666667
male,2004,61,0.9767441860465116
male,2004,62,0.9393939393939394
male,2004,63,0.9615384615384616
male,2004,64,0.9605263157894737
male,2004,65,0.9487179487179487
male,2004,66,0.9310344827586207
male,2004,67,0.9452054794520548
male,2004,68,0.953125
male,2004,69,0.9154929577464789
male,2004,70,0.9710144927536232
male,2004,71,0.9152542372881356
male,2004,72,0.9
male,2004,73,0.9154929577464789
male,2004,74,0.9137931034482759
male,2004,75,0.9295774647887324
male,2004,76,0.9655172413793104
male,2004,77,0.95
male,2004,78,0.9024390243902439
male,2004,79,0.8857142857142857
male,2004,80,0.95
female,2005,17,0.44508670520231214
female,2005,18,0.5328467153284672
female,2005,19,0.6888888888888889
female,2005,20,0.7716535433070866
female,2005,21,0.7637795275590551
female,2005,22,0.6762589928057554
female,2005,23,0.8080808080808081
female,2005,24,0.808
female,2005,25,0.7753623188405797
female,2005,26,0.8292682926829268
female,2005,27,0.8308823529411765
female,2005,28,0.8978102189781022
female,2005,29,0.8974358974358975
female,2005,30,0.88
female,2005,31,0.918918918918919
female,2005,32,0.8832116788321168
female,2005,33,0.8947368421052632
female,2005,34,0.922077922077922
female,2005,35,0.9119496855345912
female,2005,36,0.9337748344370861
female,2005,37,0.8742138364779874
female,2005,38,0.9192546583850931
female,2005,39,0.888235294117647
female,2005,40,0.9
female,2005,41,0.9190751445086706
female,2005,42,0.8616352201257862
female,2005,43,0.9121621621621622
female,2005,44,0.8846153846153846
female,2005,45,0.8627450980392157
female,2005,46,0.8940397350993378
female,2005,47,0.835820895522388
female,2005,48,0.872
female,2005,49,0.8467153284671532
female,2005,50,0.8448275862068966
female,2005,51,0.8873239436619719
female,2005,52,0.8914728682170543
female,2005,53,0.8034188034188035
female,2005,54,0.8472222222222222
female,2005,55,0.926605504587156
female,2005,56,0.815068493150685
female,2005,57,0.8478260869565217
female,2005,58,0.8051948051948052
female,2005,59,0.848
female,2005,60,0.8142857142857143
female,2005,61,0.75
female,2005,62,0.75
female,2005,63,0.7886178861788617
female,2005,64,0.7572815533980582
female,2005,65,0.7142857142857143
female,2005,66,0.7956989247311828
female,2005,67,0.7032967032967034
female,2005,68,0.75
female,2005,69,0.7532467532467533
female,2005,70,0.7659574468085106
female,2005,71,0.6578947368421053
female,2005,72,0.6233766233766234
female,2005,73,0.65
female,2005,74,0.6835443037974683
female,2005,75,0.7941176470588235
female,2005,76,0.7
female,2005,77,0.6216216216216216
female,2005,78,0.6428571428571429
female,2005,79,0.609375
female,2005,80,0.5806451612903226
male,2005,17,0.5272727272727272
male,2005,18,0.7131782945736435
male,2005,19,0.7448979591836735
male,2005,20,0.8205128205128205
male,2005,21,0.8557692307692307
male,2005,22,0.794392523364486
male,2005,23,0.8425925925925926
male,2005,24,0.912621359223301
male,2005,25,0.875968992248062
male,2005,26,0.9181818181818182
male,2005,27,0.9120879120879121
male,2005,28,0.9166666666666666
male,2005,29,0.9279279279279279
male,2005,30,0.9391304347826087
male,2005,31,0.9262295081967213
male,2005,32,0.95
male,2005,33,1
male,2005,34,0.9772727272727273
male,2005,35,0.9699248120300752
male,2005,36,0.95
male,2005,37,0.9485294117647058
male,2005,38,0.9626865671641791
male,2005,39,0.9770992366412213
male,2005,40,0.9931972789115646
male,2005,41,0.9485294117647058
male,2005,42,0.968503937007874
male,2005,43,0.96
male,2005,44,0.976
male,2005,45,0.9923076923076923
male,2005,46,0.9426229508196722
male,2005,47,0.943089430894309
male,2005,48,0.984251968503937
male,2005,49,0.9719626168224299
male,2005,50,0.9905660377358491
male,2005,51,0.9716981132075472
male,2005,52,0.9405940594059405
male,2005,53,0.9473684210526315
male,2005,54,0.9134615384615384
male,2005,55,0.9541284403669725
male,2005,56,0.9787234042553191
male,2005,57,0.9732142857142857
male,2005,58,0.9735099337748344
male,2005,59,0.9468085106382979
male,2005,60,0.9375
male,2005,61,0.9431818181818182
male,2005,62,0.9680851063829787
male,2005,63,0.9423076923076923
male,2005,64,0.9625
male,2005,65,0.975609756097561
male,2005,66,0.9452054794520548
male,2005,67,0.9418604651162791
male,2005,68,0.9726027397260274
male,2005,69,0.9523809523809523
male,2005,70,0.9459459459459459
male,2005,71,0.9516129032258065
male,2005,72,0.9016393442622951
male,2005,73,0.90625
male,2005,74,0.9142857142857143
male,2005,75,0.8703703703703703
male,2005,76,0.9090909090909091
male,2005,77,0.9272727272727272
male,2005,78,0.9166666666666666
male,2005,79,0.8387096774193549
male,2005,80,0.8787878787878788
female,2006,17,0.39072847682119205
female,2006,18,0.6598639455782312
female,2006,19,0.5508474576271186
female,2006,20,0.680327868852459
female,2006,21,0.7377049180327869
female,2006,22,0.7068965517241379
female,2006,23,0.6934306569343066
female,2006,24,0.8068181818181818
female,2006,25,0.8403361344537815
female,2006,26,0.8125
female,2006,27,0.8305084745762712
female,2006,28,0.8416666666666667
female,2006,29,0.855072463768116
female,2006,30,0.9056603773584906
female,2006,31,0.8709677419354839
female,2006,32,0.8870967741935484
female,2006,33,0.8175182481751825
female,2006,34,0.9172932330827067
female,2006,35,0.912751677852349
female,2006,36,0.9219858156028369
female,2006,37,0.9295774647887324
female,2006,38,0.8639455782312925
female,2006,39,0.8918918918918919
female,2006,40,0.8535031847133758
female,2006,41,0.9055555555555556
female,2006,42,0.912751677852349
female,2006,43,0.8503401360544217
female,2006,44,0.8705035971223022
female,2006,45,0.851063829787234
female,2006,46,0.8802816901408451
female,2006,47,0.8840579710144928
female,2006,48,0.8205128205128205
female,2006,49,0.8833333333333333
female,2006,50,0.8739495798319328
female,2006,51,0.7758620689655172
female,2006,52,0.8888888888888888
female,2006,53,0.8482142857142857
female,2006,54,0.8165137614678899
female,2006,55,0.8384615384615385
female,2006,56,0.8571428571428571
female,2006,57,0.8582089552238806
female,2006,58,0.8064516129032258
female,2006,59,0.8428571428571429
female,2006,60,0.824
female,2006,61,0.78125
female,2006,62,0.7676767676767676
female,2006,63,0.7641509433962265
female,2006,64,0.7
female,2006,65,0.7653061224489796
female,2006,66,0.6266666666666667
female,2006,67,0.7261904761904762
female,2006,68,0.686046511627907
female,2006,69,0.7333333333333333
female,2006,70,0.7160493827160493
female,2006,71,0.7142857142857143
female,2006,72,0.631578947368421
female,2006,73,0.6901408450704225
female,2006,74,0.6056338028169014
female,2006,75,0.704225352112676
female,2006,76,0.6567164179104478
female,2006,77,0.6376811594202898
female,2006,78,0.6621621621621622
female,2006,79,0.5869565217391305
female,2006,80,0.6507936507936508
male,2006,17,0.4380165289256198
male,2006,18,0.7272727272727273
male,2006,19,0.7739130434782608
male,2006,20,0.7378640776699029
male,2006,21,0.7798165137614679
male,2006,22,0.7647058823529411
male,2006,23,0.8061224489795918
male,2006,24,0.776595744680851
male,2006,25,0.8222222222222222
male,2006,26,0.8527131782945736
male,2006,27,0.9591836734693877
male,2006,28,0.8913043478260869
male,2006,29,0.9038461538461539
male,2006,30,0.9157894736842105
male,2006,31,0.9537037037037037
male,2006,32,0.9051724137931034
male,2006,33,0.9173553719008265
male,2006,34,0.9719626168224299
male,2006,35,1
male,2006,36,0.952755905511811
male,2006,37,0.9357798165137615
male,2006,38,0.9512195121951219
male,2006,39,0.9609375
male,2006,40,0.975609756097561
male,2006,41,0.9716312056737588
male,2006,42,0.9612403100775194
male,2006,43,0.9754098360655737
male,2006,44,0.9090909090909091
male,2006,45,0.959349593495935
male,2006,46,0.9649122807017544
male,2006,47,0.9565217391304348
male,2006,48,0.9292035398230089
male,2006,49,0.9541284403669725
male,2006,50,0.9603960396039604
male,2006,51,0.9693877551020408
male,2006,52,0.9468085106382979
male,2006,53,0.9655172413793104
male,2006,54,0.963302752293578
male,2006,55,0.9313725490196079
male,2006,56,0.9072164948453608
male,2006,57,0.9791666666666666
male,2006,58,0.967741935483871
male,2006,59,0.9411764705882353
male,2006,60,0.9666666666666667
male,2006,61,0.8904109589041096
male,2006,62,0.9390243902439024
male,2006,63,0.9782608695652174
male,2006,64,0.9583333333333334
male,2006,65,0.972972972972973
male,2006,66,0.9166666666666666
male,2006,67,0.9324324324324325
male,2006,68,0.935064935064935
male,2006,69,0.9565217391304348
male,2006,70,0.9464285714285714
male,2006,71,0.9117647058823529
male,2006,72,0.9193548387096774
male,2006,73,0.9137931034482759
male,2006,74,0.9166666666666666
male,2006,75,0.8591549295774648
male,2006,76,0.8461538461538461
male,2006,77,0.9322033898305084
male,2006,78,0.9038461538461539
male,2006,79,0.8571428571428571
male,2006,80,0.9117647058823529
female,2007,17,0.4326241134751773
female,2007,18,0.5588235294117647
female,2007,19,0.6933333333333334
female,2007,20,0.6942148760330579
female,2007,21,0.8205128205128205
female,2007,22,0.82
female,2007,23,0.7419354838709677
female,2007,24,0.728
female,2007,25,0.8
female,2007,26,0.8785046728971962
female,2007,27,0.8272727272727273
female,2007,28,0.8571428571428571
female,2007,29,0.8608695652173913
female,2007,30,0.8656716417910447
female,2007,31,0.8857142857142857
female,2007,32,0.9159663865546218
female,2007,33,0.8859649122807017
female,2007,34,0.8805970149253731
female,2007,35,0.8923076923076924
female,2007,36,0.9130434782608695
female,2007,37,0.927536231884058
female,2007,38,0.9064748201438849
female,2007,39,0.8431372549019608
female,2007,40,0.900709219858156
female,2007,41,0.8827586206896552
female,2007,42,0.8809523809523809
female,2007,43,0.9084507042253521
female,2007,44,0.8380281690140845
female,2007,45,0.888
female,2007,46,0.8794326241134752
female,2007,47,0.8811188811188811
female,2007,48,0.9097744360902256
female,2007,49,0.8050847457627118
female,2007,50,0.8878504672897196
female,2007,51,0.8571428571428571
female,2007,52,0.788135593220339
female,2007,53,0.8888888888888888
female,2007,54,0.8073394495412844
female,2007,55,0.8365384615384616
female,2007,56,0.8294573643410853
female,2007,57,0.81
female,2007,58,0.8034188034188035
female,2007,59,0.7952755905511811
female,2007,60,0.8382352941176471
female,2007,61,0.8070175438596491
female,2007,62,0.7815126050420168
female,2007,63,0.78
female,2007,64,0.8064516129032258
female,2007,65,0.6697247706422018
female,2007,66,0.7777777777777778
female,2007,67,0.64
female,2007,68,0.7088607594936709
female,2007,69,0.775
female,2007,70,0.7222222222222222
female,2007,71,0.7662337662337663
female,2007,72,0.6666666666666666
female,2007,73,0.6285714285714286
female,2007,74,0.6216216216216216
female,2007,75,0.696969696969697
female,2007,76,0.6865671641791045
female,2007,77,0.703125
female,2007,78,0.6610169491525424
female,2007,79,0.7014925373134329
female,2007,80,0.5454545454545454
male,2007,17,0.4782608695652174
male,2007,18,0.6696428571428571
male,2007,19,0.7123287671232876
male,2007,20,0.8252427184466019
male,2007,21,0.813953488372093
male,2007,22,0.8469387755102041
male,2007,23,0.8470588235294118
male,2007,24,0.7717391304347826
male,2007,25,0.7954545454545454
male,2007,26,0.8645833333333334
male,2007,27,0.9274193548387096
male,2007,28,0.9325842696629213
male,2007,29,0.8735632183908046
male,2007,30,0.9313725490196079
male,2007,31,0.9431818181818182
male,2007,32,0.9611650485436893
male,2007,33,0.911504424778761
male,2007,34,0.9469026548672567
male,2007,35,0.9727272727272728
male,2007,36,0.9912280701754386
male,2007,37,0.967741935483871
male,2007,38,0.9693877551020408
male,2007,39,0.9586776859504132
male,2007,40,0.9435483870967742
male,2007,41,0.9921875
male,2007,42,0.9562043795620438
male,2007,43,0.9344262295081968
male,2007,44,0.963963963963964
male,2007,45,0.9523809523809523
male,2007,46,0.9649122807017544
male,2007,47,0.9619047619047619
male,2007,48,0.9603960396039604
male,2007,49,0.9484536082474226
male,2007,50,0.9285714285714286
male,2007,51,0.9574468085106383
male,2007,52,0.9659090909090909
male,2007,53,0.9489795918367347
male,2007,54,0.9770114942528736
male,2007,55,0.9595959595959596
male,2007,56,0.9157894736842105
male,2007,57,0.9340659340659341
male,2007,58,0.9550561797752809
male,2007,59,0.9504950495049505
male,2007,60,0.9692307692307692
male,2007,61,0.9512195121951219
male,2007,62,0.8857142857142857
male,2007,63,0.9285714285714286
male,2007,64,0.9625
male,2007,65,0.945054945054945
male,2007,66,0.9571428571428572
male,2007,67,0.9117647058823529
male,2007,68,0.9305555555555556
male,2007,69,0.9333333333333333
male,2007,70,0.9692307692307692
male,2007,71,0.9818181818181818
male,2007,72,0.9375
male,2007,73,0.9272727272727272
male,2007,74,0.9285714285714286
male,2007,75,0.8709677419354839
male,2007,76,0.890625
male,2007,77,0.8235294117647058
male,2007,78,0.9454545454545454
male,2007,79,0.9347826086956522
male,2007,80,0.9130434782608695
female,2008,17,0.4125874125874126
female,2008,18,0.6106870229007634
female,2008,19,0.6810344827586207
female,2008,20,0.6821192052980133
female,2008,21,0.7247706422018348
female,2008,22,0.7545454545454545
female,2008,23,0.782608695652174
female,2008,24,0.7767857142857143
female,2008,25,0.7456140350877193
female,2008,26,0.8333333333333334
female,2008,27,0.8585858585858586
female,2008,28,0.85
female,2008,29,0.8796296296296297
female,2008,30,0.8677685950413223
female,2008,31,0.8596491228070176
female,2008,32,0.8558558558558559
female,2008,33,0.9158878504672897
female,2008,34,0.9130434782608695
female,2008,35,0.8861788617886179
female,2008,36,0.8955223880597015
female,2008,37,0.9312977099236641
female,2008,38,0.9166666666666666
female,2008,39,0.9495798319327731
female,2008,40,0.8758620689655172
female,2008,41,0.896551724137931
female,2008,42,0.9
female,2008,43,0.901840490797546
female,2008,44,0.9295774647887324
female,2008,45,0.8540145985401459
female,2008,46,0.8769230769230769
female,2008,47,0.8636363636363636
female,2008,48,0.8905109489051095
female,2008,49,0.9076923076923077
female,2008,50,0.7815126050420168
female,2008,51,0.8725490196078431
female,2008,52,0.8349514563106796
female,2008,53,0.7669902912621359
female,2008,54,0.8571428571428571
female,2008,55,0.8454545454545455
female,2008,56,0.8061224489795918
female,2008,57,0.8099173553719008
female,2008,58,0.8461538461538461
female,2008,59,0.7894736842105263
female,2008,60,0.8181818181818182
female,2008,61,0.8208955223880597
female,2008,62,0.8440366972477065
female,2008,63,0.7631578947368421
female,2008,64,0.8105263157894737
female,2008,65,0.7640449438202247
female,2008,66,0.660377358490566
female,2008,67,0.7582417582417582
female,2008,68,0.684931506849315
female,2008,69,0.7671232876712328
female,2008,70,0.6835443037974683
female,2008,71,0.7183098591549296
female,2008,72,0.7534246575342466
female,2008,73,0.647887323943662
female,2008,74,0.5774647887323944
female,2008,75,0.6716417910447762
female,2008,76,0.59375
female,2008,77,0.6290322580645161
female,2008,78,0.7586206896551724
female,2008,79,0.5789473684210527
female,2008,80,0.631578947368421
male,2008,17,0.4959349593495935
male,2008,18,0.6818181818181818
male,2008,19,0.7207207207207207
male,2008,20,0.8157894736842105
male,2008,21,0.8181818181818182
male,2008,22,0.8783783783783784
male,2008,23,0.8222222222222222
male,2008,24,0.8048780487804879
male,2008,25,0.8192771084337349
male,2008,26,0.788235294117647
male,2008,27,0.8863636363636364
male,2008,28,0.8661417322834646
male,2008,29,0.8888888888888888
male,2008,30,0.9024390243902439
male,2008,31,0.9019607843137255
male,2008,32,0.9545454545454546
male,2008,33,0.9595959595959596
male,2008,34,0.9387755102040817
male,2008,35,0.9230769230769231
male,2008,36,0.98989898989899
male,2008,37,0.9739130434782609
male,2008,38,0.9572649572649573
male,2008,39,0.9494949494949495
male,2008,40,0.9504132231404959
male,2008,41,0.9421487603305785
male,2008,42,0.975
male,2008,43,0.9612403100775194
male,2008,44,0.9666666666666667
male,2008,45,0.9805825242718447
male,2008,46,0.95
male,2008,47,0.9464285714285714
male,2008,48,0.9693877551020408
male,2008,49,0.9587628865979382
male,2008,50,0.9489795918367347
male,2008,51,0.9532710280373832
male,2008,52,0.9130434782608695
male,2008,53,0.9518072289156626
male,2008,54,0.9555555555555556
male,2008,55,0.9069767441860465
male,2008,56,0.97
male,2008,57,0.9318181818181818
male,2008,58,0.9425287356321839
male,2008,59,0.9411764705882353
male,2008,60,0.9587628865979382
male,2008,61,0.9411764705882353
male,2008,62,0.9523809523809523
male,2008,63,0.8727272727272727
male,2008,64,0.9864864864864865
male,2008,65,0.9518072289156626
male,2008,66,0.9545454545454546
male,2008,67,0.927536231884058
male,2008,68,0.9264705882352942
male,2008,69,0.9264705882352942
male,2008,70,0.9210526315789473
male,2008,71,0.9830508474576272
male,2008,72,0.9583333333333334
male,2008,73,0.9841269841269841
male,2008,74,0.9423076923076923
male,2008,75,0.8703703703703703
male,2008,76,0.8727272727272727
male,2008,77,0.8688524590163934
male,2008,78,0.8409090909090909
male,2008,79,0.8913043478260869
male,2008,80,0.9333333333333333
